id,title,alternative_title,year,pages,abstract,file_url,image_url,type,status
D100,Thực hành sửa chữa màn hình tinh thể lỏng /Vân Anh,,2009,659 tr. :Minh họa ;24 cm,"Nội dung tài liệu phân tích các vấn đề liên quan đến Thực hành sửa chữa màn hình tinh thể lỏng , đồng thời đề xuất các hướng ứng dụng trong lĩnh vực nghiên cứu chuyên ngành. Nội dung được xây dựng dựa trên việc hệ thống hóa kiến thức chuyên ngành kết hợp với các ví dụ minh họa thực tế. Nghiên cứu góp phần cung cấp nền tảng kiến thức phục vụ cho việc học tập và phát triển chuyên môn.",/static/uploads/files/D100.pdf,/static/uploads/images/D100.jpg,Book,active
D101,Hóa sinh thực phẩm /Đàm Sao Mai (chủ biên) và nhóm tác giả,,2009,309 tr.,"Tài liệu tập trung nghiên cứu về Hóa sinh thực phẩm , trình bày các cơ sở lý thuyết và phương pháp tiếp cận trong lĩnh vực lĩnh vực nghiên cứu chuyên ngành. Nội dung được xây dựng dựa trên việc hệ thống hóa kiến thức chuyên ngành kết hợp với các ví dụ minh họa thực tế. Kết quả của tài liệu có giá trị tham khảo đối với sinh viên, giảng viên và các nhà nghiên cứu trong lĩnh vực liên quan.",/static/uploads/files/D101.pdf,/static/uploads/images/D101.jpg,Book,active
D102,"Giáo trình Quản lý chất lượng và luật thực phẩm /Lê Nguyên Đoan Huy, Nguyễn Công Hà",,2014,194 tr.,"Nội dung tài liệu phân tích các vấn đề liên quan đến Giáo trình Quản lý chất lượng và luật thực phẩm , đồng thời đề xuất các hướng ứng dụng trong lĩnh vực nghiên cứu chuyên ngành. Tài liệu sử dụng phương pháp phân tích và tổng hợp tài liệu nhằm làm rõ các khái niệm, nguyên lý và kỹ thuật liên quan. Nội dung tài liệu hỗ trợ người đọc tiếp cận các xu hướng nghiên cứu và ứng dụng hiện đại trong môi trường học thuật.",/static/uploads/files/D102.pdf,/static/uploads/images/D102.jpg,Book,active
D103,Giáo trình giảng dạy bậc đại học: Hành vi người tiêu dùng - Định hướng ứng dụng /Hồ Huy Tựu,,2026,222 tr,"Nội dung tài liệu phân tích các vấn đề liên quan đến Giáo trình giảng dạy bậc đại học: Hành vi người tiêu dùng - Định hướng ứng dụng , đồng thời đề xuất các hướng ứng dụng trong lĩnh vực nghiên cứu chuyên ngành. Tài liệu kết hợp giữa cơ sở học thuật và các tình huống ứng dụng nhằm nâng cao khả năng tiếp cận và triển khai thực tế. Kết quả của tài liệu có giá trị tham khảo đối với sinh viên, giảng viên và các nhà nghiên cứu trong lĩnh vực liên quan.",/static/uploads/files/D103.pdf,/static/uploads/images/D103.jpg,Book,active
D104,Miễn dịch học /Đại học Y Hà Nội,,2025,216 tr,"Nghiên cứu này trình bày các khía cạnh chuyên môn của Miễn dịch học , kết hợp giữa nền tảng lý thuyết và ứng dụng thực tiễn trong lĩnh vực nghiên cứu chuyên ngành. Tài liệu sử dụng phương pháp phân tích và tổng hợp tài liệu nhằm làm rõ các khái niệm, nguyên lý và kỹ thuật liên quan. Tài liệu có thể được sử dụng như nguồn tham khảo trong học tập, nghiên cứu và triển khai các hệ thống thực tế.",/static/uploads/files/D104.pdf,/static/uploads/images/D104.jpg,Book,active
D105,Dinh dưỡng trong nuôi trồng thủy sản /Phạm Đức Hùng,,2024,775tr :Hình ảnh ;24cm,"Tài liệu cung cấp cái nhìn tổng quan về Dinh dưỡng trong nuôi trồng thủy sản , bao gồm các mô hình, kỹ thuật và xu hướng phát triển trong lĩnh vực nghiên cứu chuyên ngành. Nội dung được xây dựng dựa trên việc hệ thống hóa kiến thức chuyên ngành kết hợp với các ví dụ minh họa thực tế. Nội dung tài liệu hỗ trợ người đọc tiếp cận các xu hướng nghiên cứu và ứng dụng hiện đại trong môi trường học thuật.",/static/uploads/files/D105.pdf,/static/uploads/images/D105.jpg,Book,active
D106,Phân tích tài chính doanh nghiệp /Võ Văn Cần,,2024,116tr :Bảng biểu ;21cm,"Nghiên cứu này trình bày các khía cạnh chuyên môn của Phân tích tài chính doanh nghiệp , kết hợp giữa nền tảng lý thuyết và ứng dụng thực tiễn trong lĩnh vực nghiên cứu chuyên ngành. Nghiên cứu áp dụng các mô hình và phương pháp đánh giá phổ biến nhằm phân tích hiệu quả của các giải pháp được đề cập. Nội dung tài liệu hỗ trợ người đọc tiếp cận các xu hướng nghiên cứu và ứng dụng hiện đại trong môi trường học thuật.",/static/uploads/files/D106.pdf,/static/uploads/images/D106.jpg,Book,active
D107,Bài giảng Quản lý và khai thác cảng (Tài liệu lưu hành nội bộ) /Hồ Đức Tuấn,,2015,93 tr.,"Tài liệu tập trung nghiên cứu về Bài giảng Quản lý và khai thác cảng (Tài liệu lưu hành nội bộ) , trình bày các cơ sở lý thuyết và phương pháp tiếp cận trong lĩnh vực trí tuệ nhân tạo. Nội dung được xây dựng dựa trên việc hệ thống hóa kiến thức chuyên ngành kết hợp với các ví dụ minh họa thực tế. Nghiên cứu góp phần cung cấp nền tảng kiến thức phục vụ cho việc học tập và phát triển chuyên môn.",/static/uploads/files/D107.pdf,/static/uploads/images/D107.jpg,Book,active
D108,Cảng nội địa (Lưu hành nội bộ) /Bộ môn Khoa học Hàng hải,Inland Clearance Depot,2024,98 tr.,"Nghiên cứu này trình bày các khía cạnh chuyên môn của Cảng nội địa (Lưu hành nội bộ) , kết hợp giữa nền tảng lý thuyết và ứng dụng thực tiễn trong lĩnh vực nghiên cứu chuyên ngành. Nội dung được xây dựng dựa trên việc hệ thống hóa kiến thức chuyên ngành kết hợp với các ví dụ minh họa thực tế. Nội dung tài liệu hỗ trợ người đọc tiếp cận các xu hướng nghiên cứu và ứng dụng hiện đại trong môi trường học thuật.",/static/uploads/files/D108.pdf,/static/uploads/images/D108.jpg,Book,active
D109,Giám định hàng hải:Tài liệu tham khảo /Nguyễn Thái Vũ,,2019,346tr : ;24 cm,"Nghiên cứu này trình bày các khía cạnh chuyên môn của Giám định hàng hải: Tài liệu tham khảo , kết hợp giữa nền tảng lý thuyết và ứng dụng thực tiễn trong lĩnh vực nghiên cứu chuyên ngành. Nội dung được xây dựng dựa trên việc hệ thống hóa kiến thức chuyên ngành kết hợp với các ví dụ minh họa thực tế. Tài liệu có thể được sử dụng như nguồn tham khảo trong học tập, nghiên cứu và triển khai các hệ thống thực tế.",/static/uploads/files/D109.pdf,/static/uploads/images/D109.jpg,Book,active
D110,Kế toán tài chính 3,,2025,258 tr.,"Nghiên cứu này trình bày các khía cạnh chuyên môn của Kế toán tài chính 3, kết hợp giữa nền tảng lý thuyết và ứng dụng thực tiễn trong lĩnh vực nghiên cứu chuyên ngành. Nội dung được xây dựng dựa trên việc hệ thống hóa kiến thức chuyên ngành kết hợp với các ví dụ minh họa thực tế. Tài liệu có thể được sử dụng như nguồn tham khảo trong học tập, nghiên cứu và triển khai các hệ thống thực tế.",/static/uploads/files/D110.pdf,/static/uploads/images/D110.jpg,Book,active
D111,Giới thiệu hệ thống báo cáo tài chính /Võ Văn Cần,,2024,116tr :Bảng biểu ;21cm,"Tài liệu cung cấp cái nhìn tổng quan về Giới thiệu hệ thống báo cáo tài chính , bao gồm các mô hình, kỹ thuật và xu hướng phát triển trong lĩnh vực nghiên cứu chuyên ngành. Tài liệu kết hợp giữa cơ sở học thuật và các tình huống ứng dụng nhằm nâng cao khả năng tiếp cận và triển khai thực tế. Nội dung tài liệu hỗ trợ người đọc tiếp cận các xu hướng nghiên cứu và ứng dụng hiện đại trong môi trường học thuật.",/static/uploads/files/D111.pdf,/static/uploads/images/D111.jpg,Book,active
D112,Bài giảng Thiết bị tàu thủy :Lưu hành nội bộ /Nguyễn Thái Vũ,,2018,148 tr.,"Nội dung tài liệu phân tích các vấn đề liên quan đến Bài giảng Thiết bị tàu thủy: Lưu hành nội bộ , đồng thời đề xuất các hướng ứng dụng trong lĩnh vực nghiên cứu chuyên ngành. Tài liệu kết hợp giữa cơ sở học thuật và các tình huống ứng dụng nhằm nâng cao khả năng tiếp cận và triển khai thực tế. Nội dung tài liệu hỗ trợ người đọc tiếp cận các xu hướng nghiên cứu và ứng dụng hiện đại trong môi trường học thuật.",/static/uploads/files/D112.pdf,/static/uploads/images/D112.jpg,Book,active
D113,Ươm giống và Trồng thương phẩm rong biển /Lê Anh Tuấn,,2024,43tr :Hình ảnh ;21cm,"Nghiên cứu này trình bày các khía cạnh chuyên môn của Ươm giống và Trồng thương phẩm rong biển , kết hợp giữa nền tảng lý thuyết và ứng dụng thực tiễn trong lĩnh vực nghiên cứu chuyên ngành. Nội dung được xây dựng dựa trên việc hệ thống hóa kiến thức chuyên ngành kết hợp với các ví dụ minh họa thực tế. Tài liệu có thể được sử dụng như nguồn tham khảo trong học tập, nghiên cứu và triển khai các hệ thống thực tế.",/static/uploads/files/D113.pdf,/static/uploads/images/D113.jpg,Book,active
D114,Kỹ thuật Sản xuất giống và trồng Rong biển :Bài giảng dành cho sinh viên các lớp Nuôi trồng thủy sản /Lê Anh Tuấn,,2024,317tr :Hình ảnh ;21cm,"Tài liệu cung cấp cái nhìn tổng quan về Kỹ thuật Sản xuất giống và trồng Rong biển: Bài giảng dành cho sinh viên các lớp Nuôi trồng thủy sản , bao gồm các mô hình, kỹ thuật và xu hướng phát triển trong lĩnh vực nghiên cứu chuyên ngành. Nghiên cứu áp dụng các mô hình và phương pháp đánh giá phổ biến nhằm phân tích hiệu quả của các giải pháp được đề cập. Kết quả của tài liệu có giá trị tham khảo đối với sinh viên, giảng viên và các nhà nghiên cứu trong lĩnh vực liên quan.",/static/uploads/files/D114.pdf,/static/uploads/images/D114.jpg,Book,active
D115,Quy hoạch và Phát triển Thủy sản /Lê Anh Tuấn,,2024,210tr :Hình ảnh ;21cm,"Nội dung tài liệu phân tích các vấn đề liên quan đến Quy hoạch và Phát triển Thủy sản , đồng thời đề xuất các hướng ứng dụng trong lĩnh vực nghiên cứu chuyên ngành. Tài liệu kết hợp giữa cơ sở học thuật và các tình huống ứng dụng nhằm nâng cao khả năng tiếp cận và triển khai thực tế. Tài liệu có thể được sử dụng như nguồn tham khảo trong học tập, nghiên cứu và triển khai các hệ thống thực tế.",/static/uploads/files/D115.pdf,/static/uploads/images/D115.jpg,Book,active
D116,Chuẩn mực báo cáo tài chính quốc tế,,2025,117 tr.,"Nghiên cứu này trình bày các khía cạnh chuyên môn của Chuẩn mực báo cáo tài chính quốc tế, kết hợp giữa nền tảng lý thuyết và ứng dụng thực tiễn trong lĩnh vực nghiên cứu chuyên ngành. Nghiên cứu áp dụng các mô hình và phương pháp đánh giá phổ biến nhằm phân tích hiệu quả của các giải pháp được đề cập. Nội dung tài liệu hỗ trợ người đọc tiếp cận các xu hướng nghiên cứu và ứng dụng hiện đại trong môi trường học thuật.",/static/uploads/files/D116.pdf,/static/uploads/images/D116.jpg,Book,active
D117,Lập và phân tích báo cáo tài chính theo IFRS,,2025,120 tr.,"Tài liệu cung cấp cái nhìn tổng quan về Lập và phân tích báo cáo tài chính theo IFRS, bao gồm các mô hình, kỹ thuật và xu hướng phát triển trong lĩnh vực nghiên cứu chuyên ngành. Tài liệu sử dụng phương pháp phân tích và tổng hợp tài liệu nhằm làm rõ các khái niệm, nguyên lý và kỹ thuật liên quan. Tài liệu có thể được sử dụng như nguồn tham khảo trong học tập, nghiên cứu và triển khai các hệ thống thực tế.",/static/uploads/files/D117.pdf,/static/uploads/images/D117.jpg,Book,active
D118,Kỹ thuật nuôi trồng thủy sản /Trần Văn Dũng,,2023,305tr :Hình ảnh ;21cm,"Tài liệu tập trung nghiên cứu về Kỹ thuật nuôi trồng thủy sản , trình bày các cơ sở lý thuyết và phương pháp tiếp cận trong lĩnh vực lĩnh vực nghiên cứu chuyên ngành. Tài liệu sử dụng phương pháp phân tích và tổng hợp tài liệu nhằm làm rõ các khái niệm, nguyên lý và kỹ thuật liên quan. Nghiên cứu góp phần cung cấp nền tảng kiến thức phục vụ cho việc học tập và phát triển chuyên môn.",/static/uploads/files/D118.pdf,/static/uploads/images/D118.jpg,Book,active
D119,Kiểm tra vật liệu và NDT /Huỳnh Văn Vũ,,2024,40 tr. :24 cm,"Nội dung tài liệu phân tích các vấn đề liên quan đến Kiểm tra vật liệu và NDT , đồng thời đề xuất các hướng ứng dụng trong lĩnh vực nghiên cứu chuyên ngành. Nghiên cứu áp dụng các mô hình và phương pháp đánh giá phổ biến nhằm phân tích hiệu quả của các giải pháp được đề cập. Nội dung tài liệu hỗ trợ người đọc tiếp cận các xu hướng nghiên cứu và ứng dụng hiện đại trong môi trường học thuật.",/static/uploads/files/D119.pdf,/static/uploads/images/D119.jpg,Book,active
D120,Phương pháp nghiên cứu khoa học /Huỳnh Văn Vũ,,2024,271 tr.,"Tài liệu tập trung nghiên cứu về Phương pháp nghiên cứu khoa học , trình bày các cơ sở lý thuyết và phương pháp tiếp cận trong lĩnh vực lĩnh vực nghiên cứu chuyên ngành. Tài liệu kết hợp giữa cơ sở học thuật và các tình huống ứng dụng nhằm nâng cao khả năng tiếp cận và triển khai thực tế. Kết quả của tài liệu có giá trị tham khảo đối với sinh viên, giảng viên và các nhà nghiên cứu trong lĩnh vực liên quan.",/static/uploads/files/D120.pdf,/static/uploads/images/D120.jpg,Book,active
D121,Kỹ thuật Hàn tàu thủy. Phần 2 /Huỳnh Văn Vũ,,2009,100 tr. :24 cm,"Tài liệu cung cấp cái nhìn tổng quan về Kỹ thuật Hàn tàu thủy. Phần 2 , bao gồm các mô hình, kỹ thuật và xu hướng phát triển trong lĩnh vực nghiên cứu chuyên ngành. Tài liệu kết hợp giữa cơ sở học thuật và các tình huống ứng dụng nhằm nâng cao khả năng tiếp cận và triển khai thực tế. Kết quả của tài liệu có giá trị tham khảo đối với sinh viên, giảng viên và các nhà nghiên cứu trong lĩnh vực liên quan.",/static/uploads/files/D121.pdf,/static/uploads/images/D121.jpg,Book,active
D122,Quy hoạch và quản lý nuôi trồng thủy sản /Lê Anh Tuấn,,2024,193tr :Hình ảnh ;21cm,"Nghiên cứu này trình bày các khía cạnh chuyên môn của Quy hoạch và quản lý nuôi trồng thủy sản , kết hợp giữa nền tảng lý thuyết và ứng dụng thực tiễn trong lĩnh vực nghiên cứu chuyên ngành. Tài liệu sử dụng phương pháp phân tích và tổng hợp tài liệu nhằm làm rõ các khái niệm, nguyên lý và kỹ thuật liên quan. Nội dung tài liệu hỗ trợ người đọc tiếp cận các xu hướng nghiên cứu và ứng dụng hiện đại trong môi trường học thuật.",/static/uploads/files/D122.pdf,/static/uploads/images/D122.jpg,Book,active
D123,"Tổng hợp văn bản pháp luật năm 2023 :Học phần Luật kinh doanh /Hoàng Thu Thuỷ, Nguyễn Thị Hà Trang",,2023,482tr ;21cm,"Tài liệu cung cấp cái nhìn tổng quan về Tổng hợp văn bản pháp luật năm 2023: Học phần Luật kinh doanh , bao gồm các mô hình, kỹ thuật và xu hướng phát triển trong lĩnh vực nghiên cứu chuyên ngành. Tài liệu sử dụng phương pháp phân tích và tổng hợp tài liệu nhằm làm rõ các khái niệm, nguyên lý và kỹ thuật liên quan. Nội dung tài liệu hỗ trợ người đọc tiếp cận các xu hướng nghiên cứu và ứng dụng hiện đại trong môi trường học thuật.",/static/uploads/files/D123.pdf,/static/uploads/images/D123.jpg,Book,active
D124,"Thực hành thực vật và động vật phù du /Trương Thị Bích Hồng (chủ biên), Nguyễn Thị Thúy, Trần Thị Lê Trang",,2024,83tr :Hình ảnh ;24cm,"Tài liệu tập trung nghiên cứu về Thực hành thực vật và động vật phù du , trình bày các cơ sở lý thuyết và phương pháp tiếp cận trong lĩnh vực lĩnh vực nghiên cứu chuyên ngành. Tài liệu sử dụng phương pháp phân tích và tổng hợp tài liệu nhằm làm rõ các khái niệm, nguyên lý và kỹ thuật liên quan. Tài liệu có thể được sử dụng như nguồn tham khảo trong học tập, nghiên cứu và triển khai các hệ thống thực tế.",/static/uploads/files/D124.pdf,/static/uploads/images/D124.jpg,Book,active
D125,Hình thái phân loại giáp xác và động vật thân mềm /Vũ Trọng Đại,,2024,497tr :Hình ảnh,"Tài liệu cung cấp cái nhìn tổng quan về Hình thái phân loại giáp xác và động vật thân mềm , bao gồm các mô hình, kỹ thuật và xu hướng phát triển trong lĩnh vực nghiên cứu chuyên ngành. Nghiên cứu áp dụng các mô hình và phương pháp đánh giá phổ biến nhằm phân tích hiệu quả của các giải pháp được đề cập. Nội dung tài liệu hỗ trợ người đọc tiếp cận các xu hướng nghiên cứu và ứng dụng hiện đại trong môi trường học thuật.",/static/uploads/files/D125.pdf,/static/uploads/images/D125.jpg,Book,active
D126,Bài giảng Nhiên liệu và môi chất chuyên dùng - Dùng cho động cơ đốt trong :(Bài giảng dùng cho học viên ngành động lực Đại học Nha Trang) - Lưu hành nội bộ /Hồ Đức Tuấn,,2020,127 tr.,"Tài liệu cung cấp cái nhìn tổng quan về Bài giảng Nhiên liệu và môi chất chuyên dùng - Dùng cho động cơ đốt trong: (Bài giảng dùng cho học viên ngành động lực Đại học Nha Trang) - Lưu hành nội bộ , bao gồm các mô hình, kỹ thuật và xu hướng phát triển trong lĩnh vực nghiên cứu chuyên ngành. Nghiên cứu áp dụng các mô hình và phương pháp đánh giá phổ biến nhằm phân tích hiệu quả của các giải pháp được đề cập. Tài liệu có thể được sử dụng như nguồn tham khảo trong học tập, nghiên cứu và triển khai các hệ thống thực tế.",/static/uploads/files/D126.pdf,/static/uploads/images/D126.jpg,Book,active
D127,Bài giảng Đại lý tàu biển và giao nhận hàng hóa :Lưu hành nội bộ /Hồ Đức Tuấn,,2016,100 tr.,"Nghiên cứu này trình bày các khía cạnh chuyên môn của Bài giảng Đại lý tàu biển và giao nhận hàng hóa: Lưu hành nội bộ , kết hợp giữa nền tảng lý thuyết và ứng dụng thực tiễn trong lĩnh vực nghiên cứu chuyên ngành. Tài liệu sử dụng phương pháp phân tích và tổng hợp tài liệu nhằm làm rõ các khái niệm, nguyên lý và kỹ thuật liên quan. Nội dung tài liệu hỗ trợ người đọc tiếp cận các xu hướng nghiên cứu và ứng dụng hiện đại trong môi trường học thuật.",/static/uploads/files/D127.pdf,/static/uploads/images/D127.jpg,Book,active
D128,"Bài giảng Bảo vệ môi trường biển - Vấn đề và giải pháp :Chương 9, Chương 10 /Hồ Đức Tuấn",,2024,7 tr.,"Nghiên cứu này trình bày các khía cạnh chuyên môn của Bài giảng Bảo vệ môi trường biển - Vấn đề và giải pháp: Chương 9, Chương 10 , kết hợp giữa nền tảng lý thuyết và ứng dụng thực tiễn trong lĩnh vực nghiên cứu chuyên ngành. Tài liệu kết hợp giữa cơ sở học thuật và các tình huống ứng dụng nhằm nâng cao khả năng tiếp cận và triển khai thực tế. Tài liệu có thể được sử dụng như nguồn tham khảo trong học tập, nghiên cứu và triển khai các hệ thống thực tế.",/static/uploads/files/D128.pdf,/static/uploads/images/D128.jpg,Book,active
D129,"English for Engineering. Book 2 :Marine diesel and auxiliary engines /Hồ Đức Tuấn, Huỳnh Văn Vũ",,2021,128 tr.,"Tài liệu tập trung nghiên cứu về English for Engineering. Book 2: Marine diesel and auxiliary engines , trình bày các cơ sở lý thuyết và phương pháp tiếp cận trong lĩnh vực lĩnh vực nghiên cứu chuyên ngành. Tài liệu sử dụng phương pháp phân tích và tổng hợp tài liệu nhằm làm rõ các khái niệm, nguyên lý và kỹ thuật liên quan. Kết quả của tài liệu có giá trị tham khảo đối với sinh viên, giảng viên và các nhà nghiên cứu trong lĩnh vực liên quan.",/static/uploads/files/D129.pdf,/static/uploads/images/D129.jpg,Book,active
D130,"Bài giảng Máy và thiết bị nâng hạ tàu thủy :(Lưu hành nội bộ) /Nguyễn Thái Vũ, Hồ Đức Tuấn",,2024,190 tr.,"Nội dung tài liệu phân tích các vấn đề liên quan đến Bài giảng Máy và thiết bị nâng hạ tàu thủy: (Lưu hành nội bộ) , đồng thời đề xuất các hướng ứng dụng trong lĩnh vực nghiên cứu chuyên ngành. Tài liệu kết hợp giữa cơ sở học thuật và các tình huống ứng dụng nhằm nâng cao khả năng tiếp cận và triển khai thực tế. Kết quả của tài liệu có giá trị tham khảo đối với sinh viên, giảng viên và các nhà nghiên cứu trong lĩnh vực liên quan.",/static/uploads/files/D130.pdf,/static/uploads/images/D130.jpg,Book,active
D131,Nhập môn ngành cơ điện tử /Nguyễn Văn Định,,2024,160tr :Hình ảnh,"Nghiên cứu này trình bày các khía cạnh chuyên môn của Nhập môn ngành cơ điện tử , kết hợp giữa nền tảng lý thuyết và ứng dụng thực tiễn trong lĩnh vực nghiên cứu chuyên ngành. Tài liệu sử dụng phương pháp phân tích và tổng hợp tài liệu nhằm làm rõ các khái niệm, nguyên lý và kỹ thuật liên quan. Kết quả của tài liệu có giá trị tham khảo đối với sinh viên, giảng viên và các nhà nghiên cứu trong lĩnh vực liên quan.",/static/uploads/files/D131.pdf,/static/uploads/images/D131.jpg,Book,active
D132,Bài giảng Động cơ đốt trong /Hồ Đức Tuấn,,2023,259 tr.,"Tài liệu cung cấp cái nhìn tổng quan về Bài giảng Động cơ đốt trong , bao gồm các mô hình, kỹ thuật và xu hướng phát triển trong lĩnh vực nghiên cứu chuyên ngành. Tài liệu sử dụng phương pháp phân tích và tổng hợp tài liệu nhằm làm rõ các khái niệm, nguyên lý và kỹ thuật liên quan. Kết quả của tài liệu có giá trị tham khảo đối với sinh viên, giảng viên và các nhà nghiên cứu trong lĩnh vực liên quan.",/static/uploads/files/D132.pdf,/static/uploads/images/D132.jpg,Book,active
D133,Kỹ thuật thi công và lắp đặt hệ thống lạnh và điều hòa không khí /Nguyễn Đình Khương,,2024,627tr :Hình ảnh,"Nội dung tài liệu phân tích các vấn đề liên quan đến Kỹ thuật thi công và lắp đặt hệ thống lạnh và điều hòa không khí , đồng thời đề xuất các hướng ứng dụng trong lĩnh vực nghiên cứu chuyên ngành. Nội dung được xây dựng dựa trên việc hệ thống hóa kiến thức chuyên ngành kết hợp với các ví dụ minh họa thực tế. Nghiên cứu góp phần cung cấp nền tảng kiến thức phục vụ cho việc học tập và phát triển chuyên môn.",/static/uploads/files/D133.pdf,/static/uploads/images/D133.jpg,Book,active
D134,Maritime English /Hồ Đức Tuấn (chủ biên) và những người khác,English - Maritime,2024,153 tr.,"Tài liệu cung cấp cái nhìn tổng quan về Maritime English , bao gồm các mô hình, kỹ thuật và xu hướng phát triển trong lĩnh vực nghiên cứu chuyên ngành. Nội dung được xây dựng dựa trên việc hệ thống hóa kiến thức chuyên ngành kết hợp với các ví dụ minh họa thực tế. Nghiên cứu góp phần cung cấp nền tảng kiến thức phục vụ cho việc học tập và phát triển chuyên môn.",/static/uploads/files/D134.pdf,/static/uploads/images/D134.jpg,Book,active
D135,Quản lý khai thác cảng /Hồ Đức Tuấn,,2023,121 tr. ;,"Nghiên cứu này trình bày các khía cạnh chuyên môn của Quản lý khai thác cảng , kết hợp giữa nền tảng lý thuyết và ứng dụng thực tiễn trong trí tuệ nhân tạo. Nghiên cứu áp dụng các mô hình và phương pháp đánh giá phổ biến nhằm phân tích hiệu quả của các giải pháp được đề cập. Nội dung tài liệu hỗ trợ người đọc tiếp cận các xu hướng nghiên cứu và ứng dụng hiện đại trong môi trường học thuật.",/static/uploads/files/D135.pdf,/static/uploads/images/D135.jpg,Book,active
D136,Giáo trình Công nghệ đóng sửa tàu phi kim loại /Phạm Thanh Nhựt,,2022,179 tr. :Minh họa ;27 cm,"Nội dung tài liệu phân tích các vấn đề liên quan đến Giáo trình Công nghệ đóng sửa tàu phi kim loại , đồng thời đề xuất các hướng ứng dụng trong lĩnh vực nghiên cứu chuyên ngành. Nội dung được xây dựng dựa trên việc hệ thống hóa kiến thức chuyên ngành kết hợp với các ví dụ minh họa thực tế. Nội dung tài liệu hỗ trợ người đọc tiếp cận các xu hướng nghiên cứu và ứng dụng hiện đại trong môi trường học thuật.",/static/uploads/files/D136.pdf,/static/uploads/images/D136.jpg,Book,active
D137,Phương pháp nghiên cứu khoa học trong nuôi trồng thủy sản /Lê Minh Hoàng,Scientific Research Methodology in Aquaculture,2024,146 tr. ;,"Nghiên cứu này trình bày các khía cạnh chuyên môn của Phương pháp nghiên cứu khoa học trong nuôi trồng thủy sản , kết hợp giữa nền tảng lý thuyết và ứng dụng thực tiễn trong lĩnh vực nghiên cứu chuyên ngành. Tài liệu kết hợp giữa cơ sở học thuật và các tình huống ứng dụng nhằm nâng cao khả năng tiếp cận và triển khai thực tế. Kết quả của tài liệu có giá trị tham khảo đối với sinh viên, giảng viên và các nhà nghiên cứu trong lĩnh vực liên quan.",/static/uploads/files/D137.pdf,/static/uploads/images/D137.jpg,Book,active
D138,Hướng dẫn bài tập chuyên ngành Kỹ thuật tàu thủy /Phạm Thanh Nhựt,,2021,204 tr. :Minh họa ;27 cm,"Tài liệu cung cấp cái nhìn tổng quan về Hướng dẫn bài tập chuyên ngành Kỹ thuật tàu thủy , bao gồm các mô hình, kỹ thuật và xu hướng phát triển trong lĩnh vực nghiên cứu chuyên ngành. Tài liệu kết hợp giữa cơ sở học thuật và các tình huống ứng dụng nhằm nâng cao khả năng tiếp cận và triển khai thực tế. Nghiên cứu góp phần cung cấp nền tảng kiến thức phục vụ cho việc học tập và phát triển chuyên môn.",/static/uploads/files/D138.pdf,/static/uploads/images/D138.jpg,Book,active
D139,Lý thuyết tài chính - tiền tệ /Võ Văn Cần (chủ biên) và tập thể bộ môn Tài chính - Ngân hàng,,2022,287 tr. :bảng biểu ;24 cm,"Tài liệu tập trung nghiên cứu về Lý thuyết tài chính - tiền tệ , trình bày các cơ sở lý thuyết và phương pháp tiếp cận trong lĩnh vực lĩnh vực nghiên cứu chuyên ngành. Tài liệu kết hợp giữa cơ sở học thuật và các tình huống ứng dụng nhằm nâng cao khả năng tiếp cận và triển khai thực tế. Tài liệu có thể được sử dụng như nguồn tham khảo trong học tập, nghiên cứu và triển khai các hệ thống thực tế.",/static/uploads/files/D139.pdf,/static/uploads/images/D139.jpg,Book,active
D140,Bài giảng pháp luật về hàng hải :Phần II /Bộ môn hàng hải,,2018,61 tr.,"Tài liệu cung cấp cái nhìn tổng quan về Bài giảng pháp luật về hàng hải: Phần II , bao gồm các mô hình, kỹ thuật và xu hướng phát triển trong lĩnh vực nghiên cứu chuyên ngành. Nghiên cứu áp dụng các mô hình và phương pháp đánh giá phổ biến nhằm phân tích hiệu quả của các giải pháp được đề cập. Kết quả của tài liệu có giá trị tham khảo đối với sinh viên, giảng viên và các nhà nghiên cứu trong lĩnh vực liên quan.",/static/uploads/files/D140.pdf,/static/uploads/images/D140.jpg,Book,active
D141,Bài giảng pháp luật hàng hải :Phần I /Bộ môn hàng hải,,2019,61 tr.,"Nội dung tài liệu phân tích các vấn đề liên quan đến Bài giảng pháp luật hàng hải: Phần I , đồng thời đề xuất các hướng ứng dụng trong lĩnh vực nghiên cứu chuyên ngành. Tài liệu sử dụng phương pháp phân tích và tổng hợp tài liệu nhằm làm rõ các khái niệm, nguyên lý và kỹ thuật liên quan. Tài liệu có thể được sử dụng như nguồn tham khảo trong học tập, nghiên cứu và triển khai các hệ thống thực tế.",/static/uploads/files/D141.pdf,/static/uploads/images/D141.jpg,Book,active
D142,Bài giảng an toàn cho người và tàu cá /Nguyễn Đức Sĩ,,2018,129 tr.,"Nội dung tài liệu phân tích các vấn đề liên quan đến Bài giảng an toàn cho người và tàu cá , đồng thời đề xuất các hướng ứng dụng trong lĩnh vực nghiên cứu chuyên ngành. Tài liệu kết hợp giữa cơ sở học thuật và các tình huống ứng dụng nhằm nâng cao khả năng tiếp cận và triển khai thực tế. Nghiên cứu góp phần cung cấp nền tảng kiến thức phục vụ cho việc học tập và phát triển chuyên môn.",/static/uploads/files/D142.pdf,/static/uploads/images/D142.jpg,Book,active
D143,"Bài giảng nghiệp vụ thuyền viên /Trần Đức Phú, Vũ Như Tân",,2023,77 tr.,"Nội dung tài liệu phân tích các vấn đề liên quan đến Bài giảng nghiệp vụ thuyền viên , đồng thời đề xuất các hướng ứng dụng trong lĩnh vực nghiên cứu chuyên ngành. Nội dung được xây dựng dựa trên việc hệ thống hóa kiến thức chuyên ngành kết hợp với các ví dụ minh họa thực tế. Nghiên cứu góp phần cung cấp nền tảng kiến thức phục vụ cho việc học tập và phát triển chuyên môn.",/static/uploads/files/D143.pdf,/static/uploads/images/D143.jpg,Book,active
D144,Kiểm tra khuyết tật kết cấu bê tông bằng phương pháp nhiệt hồng ngoại :Sách chuyên khảo /Trần Quang Huy,Infrared thermography in detecting deteriorations in concrete structures,2022,156 tr. ;30 cm,"Nội dung tài liệu phân tích các vấn đề liên quan đến Kiểm tra khuyết tật kết cấu bê tông bằng phương pháp nhiệt hồng ngoại: Sách chuyên khảo , đồng thời đề xuất các hướng ứng dụng trong lĩnh vực nghiên cứu chuyên ngành. Tài liệu kết hợp giữa cơ sở học thuật và các tình huống ứng dụng nhằm nâng cao khả năng tiếp cận và triển khai thực tế. Nội dung tài liệu hỗ trợ người đọc tiếp cận các xu hướng nghiên cứu và ứng dụng hiện đại trong môi trường học thuật.",/static/uploads/files/D144.pdf,/static/uploads/images/D144.jpg,Book,active
D145,Ứng dụng VISSIM trong mô hình dòng giao thông /Trần Quang Duy (Chủ biên) và các tác giả khác,,2024,91 tr. ;27 cm,"Tài liệu cung cấp cái nhìn tổng quan về Ứng dụng VISSIM trong mô hình dòng giao thông , bao gồm các mô hình, kỹ thuật và xu hướng phát triển trong lĩnh vực nghiên cứu chuyên ngành. Nội dung được xây dựng dựa trên việc hệ thống hóa kiến thức chuyên ngành kết hợp với các ví dụ minh họa thực tế. Tài liệu có thể được sử dụng như nguồn tham khảo trong học tập, nghiên cứu và triển khai các hệ thống thực tế.",/static/uploads/files/D145.pdf,/static/uploads/images/D145.jpg,Book,active
D146,"Thiết kế công trình kháng chấn bằng phương pháp phổ phản ứng dao động /Trần Quang Huy (chủ biên), Đặng Quốc Mỹ, Lê Thanh Cao",,2021,133 tr. ;27 cm,"Tài liệu tập trung nghiên cứu về Thiết kế công trình kháng chấn bằng phương pháp phổ phản ứng dao động , trình bày các cơ sở lý thuyết và phương pháp tiếp cận trong lĩnh vực lĩnh vực nghiên cứu chuyên ngành. Tài liệu kết hợp giữa cơ sở học thuật và các tình huống ứng dụng nhằm nâng cao khả năng tiếp cận và triển khai thực tế. Nội dung tài liệu hỗ trợ người đọc tiếp cận các xu hướng nghiên cứu và ứng dụng hiện đại trong môi trường học thuật.",/static/uploads/files/D146.pdf,/static/uploads/images/D146.jpg,Book,active
D147,Marketing dịch vụ công /Nguyễn Hoài Long,,2025,102 tr. ;,"Nghiên cứu này trình bày các khía cạnh chuyên môn của Marketing dịch vụ công , kết hợp giữa nền tảng lý thuyết và ứng dụng thực tiễn trong lĩnh vực nghiên cứu chuyên ngành. Tài liệu kết hợp giữa cơ sở học thuật và các tình huống ứng dụng nhằm nâng cao khả năng tiếp cận và triển khai thực tế. Nghiên cứu góp phần cung cấp nền tảng kiến thức phục vụ cho việc học tập và phát triển chuyên môn.",/static/uploads/files/D147.pdf,/static/uploads/images/D147.jpg,Book,active
D148,"Destination management/ Nguyen Thanh Quang, Le Chi Cong",,2023,108 p.,"Tài liệu cung cấp cái nhìn tổng quan về Destination management, bao gồm các mô hình, kỹ thuật và xu hướng phát triển trong quản trị. Tài liệu sử dụng phương pháp phân tích và tổng hợp tài liệu nhằm làm rõ các khái niệm, nguyên lý và kỹ thuật liên quan. Nghiên cứu góp phần cung cấp nền tảng kiến thức phục vụ cho việc học tập và phát triển chuyên môn.",/static/uploads/files/D148.pdf,/static/uploads/images/D148.jpg,Book,active
D149,Quản trị kinh doanh lữ hành,,2025,168 tr.,"Nghiên cứu này trình bày các khía cạnh chuyên môn của Quản trị kinh doanh lữ hành, kết hợp giữa nền tảng lý thuyết và ứng dụng thực tiễn trong lĩnh vực nghiên cứu chuyên ngành. Tài liệu sử dụng phương pháp phân tích và tổng hợp tài liệu nhằm làm rõ các khái niệm, nguyên lý và kỹ thuật liên quan. Nghiên cứu góp phần cung cấp nền tảng kiến thức phục vụ cho việc học tập và phát triển chuyên môn.",/static/uploads/files/D149.pdf,/static/uploads/images/D149.jpg,Book,active
D150,Luật du lịch Việt Nam và Quốc tế /Bộ môn Quản trị du lịch Dịch vụ và Lữ hành,,2025,367 tr. ;,"Nội dung tài liệu phân tích các vấn đề liên quan đến Luật du lịch Việt Nam và Quốc tế , đồng thời đề xuất các hướng ứng dụng trong lĩnh vực nghiên cứu chuyên ngành. Tài liệu sử dụng phương pháp phân tích và tổng hợp tài liệu nhằm làm rõ các khái niệm, nguyên lý và kỹ thuật liên quan. Kết quả của tài liệu có giá trị tham khảo đối với sinh viên, giảng viên và các nhà nghiên cứu trong lĩnh vực liên quan.",/static/uploads/files/D150.pdf,/static/uploads/images/D150.jpg,Book,active
D151,Phân tích mức độ sẵn sàng chuyển đổi số của doanh nghiệp nhỏ và vừa trên địa bàn tỉnh Khánh Hòa /Nguyễn Toàn Dũng; Nguyễn Văn Ngọc: GVHD,,2025,77 tr. ;27 cm,"Nội dung tài liệu phân tích các vấn đề liên quan đến Phân tích mức độ sẵn sàng chuyển đổi số của doanh nghiệp nhỏ và vừa trên địa bàn tỉnh Khánh Hòa , đồng thời đề xuất các hướng ứng dụng trong lĩnh vực nghiên cứu chuyên ngành. Tài liệu sử dụng phương pháp phân tích và tổng hợp tài liệu nhằm làm rõ các khái niệm, nguyên lý và kỹ thuật liên quan. Nghiên cứu góp phần cung cấp nền tảng kiến thức phục vụ cho việc học tập và phát triển chuyên môn.",/static/uploads/files/D151.pdf,/static/uploads/images/D151.jpg,Thesis,active
D152,Nâng cao chất lượng dịch vụ cấp giấy phép sử dụng tần số và thiết bị vô tuyến điện tại Trung tâm Tần số vô tuyến điện khu vực VII – Cục Tần số vô tuyến điện /Nguyễn Tuấn Ngọc; Nguyễn Thị Nga: GVHD,,2025,69 tr. :bảng biểu ;27 cm,"Nghiên cứu này trình bày các khía cạnh chuyên môn của Nâng cao chất lượng dịch vụ cấp giấy phép sử dụng tần số và thiết bị vô tuyến điện tại Trung tâm Tần số vô tuyến điện khu vực VII – Cục Tần số vô tuyến điện , kết hợp giữa nền tảng lý thuyết và ứng dụng thực tiễn trong lĩnh vực nghiên cứu chuyên ngành. Tài liệu sử dụng phương pháp phân tích và tổng hợp tài liệu nhằm làm rõ các khái niệm, nguyên lý và kỹ thuật liên quan. Nội dung tài liệu hỗ trợ người đọc tiếp cận các xu hướng nghiên cứu và ứng dụng hiện đại trong môi trường học thuật.",/static/uploads/files/D152.pdf,/static/uploads/images/D152.jpg,Thesis,active
D153,"Đánh giá dự án phát triển sản xuất nông, lâm nghiệp bền vững, phát huy tiềm năng, thế mạnh của các vùng miền để sản xuất hàng hóa theo chuỗi giá trị tại xã Ba Cụm Bắc, huyện Khánh Sơn, tỉnh Khánh Hòa /Nguyễn Thị My; Phạm Thành Thái: GVHD",,2025,66 tr. ;27 cm,"Nội dung tài liệu phân tích các vấn đề liên quan đến Đánh giá dự án phát triển sản xuất nông, lâm nghiệp bền vững, phát huy tiềm năng, thế mạnh của các vùng miền để sản xuất hàng hóa theo chuỗi giá trị tại xã Ba Cụm Bắc, huyện Khánh Sơn, tỉnh Khánh Hòa , đồng thời đề xuất các hướng ứng dụng trong lĩnh vực nghiên cứu chuyên ngành. Tài liệu kết hợp giữa cơ sở học thuật và các tình huống ứng dụng nhằm nâng cao khả năng tiếp cận và triển khai thực tế. Nội dung tài liệu hỗ trợ người đọc tiếp cận các xu hướng nghiên cứu và ứng dụng hiện đại trong môi trường học thuật.",/static/uploads/files/D153.pdf,/static/uploads/images/D153.jpg,Thesis,active
D154,"Các nhân tố ảnh hưởng đến khả năng chuyển đổi số của doanh nghiệp vừa và nhỏ trên địa bàn thành phố Nha Trang, tỉnh Khánh Hòa /Mai Văn Vương; Phạm Thành Thái: GVHD",,2025,65 tr. ;27 cm,"Tài liệu tập trung nghiên cứu về Các nhân tố ảnh hưởng đến khả năng chuyển đổi số của doanh nghiệp vừa và nhỏ trên địa bàn thành phố Nha Trang, tỉnh Khánh Hòa , trình bày các cơ sở lý thuyết và phương pháp tiếp cận trong lĩnh vực lĩnh vực nghiên cứu chuyên ngành. Tài liệu kết hợp giữa cơ sở học thuật và các tình huống ứng dụng nhằm nâng cao khả năng tiếp cận và triển khai thực tế. Kết quả của tài liệu có giá trị tham khảo đối với sinh viên, giảng viên và các nhà nghiên cứu trong lĩnh vực liên quan.",/static/uploads/files/D154.pdf,/static/uploads/images/D154.jpg,Thesis,active
D155,Đánh giá ảnh hưởng của sinh khối nấm men Saccharomyces cerevisiae trong dịch thủy phân rong sụn Kappaphycus alvarezii đến giai đoạn nuôi lưu hàu Thái Bình Dương /Nguyễn Thị Hà Trang; Phạm Thị Minh Hải: GVHD,,2025,"61 tr. :biểu đồ, ảnh màu ;27 cm","Nghiên cứu này trình bày các khía cạnh chuyên môn của Đánh giá ảnh hưởng của sinh khối nấm men Saccharomyces cerevisiae trong dịch thủy phân rong sụn Kappaphycus alvarezii đến giai đoạn nuôi lưu hàu Thái Bình Dương , kết hợp giữa nền tảng lý thuyết và ứng dụng thực tiễn trong trí tuệ nhân tạo. Tài liệu sử dụng phương pháp phân tích và tổng hợp tài liệu nhằm làm rõ các khái niệm, nguyên lý và kỹ thuật liên quan. Nội dung tài liệu hỗ trợ người đọc tiếp cận các xu hướng nghiên cứu và ứng dụng hiện đại trong môi trường học thuật.",/static/uploads/files/D155.pdf,/static/uploads/images/D155.jpg,Thesis,active
D156,"Phân lập, tuyển chọn chủng Parvovirus tiềm năng cho sản xuất vắc xin phòng bệnh khô thai trên lợn /Trịnh Thị Thu Hằng; Vũ Khắc Hùng, Nguyễn Văn Duy: GVHD",,2025,114 tr. :minh họa ;27 cm,"Tài liệu tập trung nghiên cứu về Phân lập, tuyển chọn chủng Parvovirus tiềm năng cho sản xuất vắc xin phòng bệnh khô thai trên lợn , trình bày các cơ sở lý thuyết và phương pháp tiếp cận trong lĩnh vực trí tuệ nhân tạo. Nội dung được xây dựng dựa trên việc hệ thống hóa kiến thức chuyên ngành kết hợp với các ví dụ minh họa thực tế. Nghiên cứu góp phần cung cấp nền tảng kiến thức phục vụ cho việc học tập và phát triển chuyên môn.",/static/uploads/files/D156.pdf,/static/uploads/images/D156.jpg,Thesis,active
D157,Đánh giá thực trạng và xây dựng giải pháp kiểm soát vi sinh vật gây bệnh tại các cơ sở sản xuất nước đá dùng liền tỉnh Khánh Hòa /Nguyễn Thị Lài; Lê Phương Chung: GVHD,,2025,"59 tr. :biểu đồ, ảnh màu ;27 cm","Nội dung tài liệu phân tích các vấn đề liên quan đến Đánh giá thực trạng và xây dựng giải pháp kiểm soát vi sinh vật gây bệnh tại các cơ sở sản xuất nước đá dùng liền tỉnh Khánh Hòa , đồng thời đề xuất các hướng ứng dụng trong lĩnh vực nghiên cứu chuyên ngành. Tài liệu kết hợp giữa cơ sở học thuật và các tình huống ứng dụng nhằm nâng cao khả năng tiếp cận và triển khai thực tế. Tài liệu có thể được sử dụng như nguồn tham khảo trong học tập, nghiên cứu và triển khai các hệ thống thực tế.",/static/uploads/files/D157.pdf,/static/uploads/images/D157.jpg,Thesis,active
D158,"Nghiên cứu ảnh hưởng của phương pháp dẫn truyền vaccine SiV lên khả năng kháng vi khuẩn Streptococcus iniae ở cá chẽm (Lates calcarifer Bloch, 1790) /Nguyễn Đức Toàn; Nguyễn Thị Thanh Thùy, Trần Vĩ Hích: GVHD",,2025,56 tr. :hình ảnh ;27 cm,"Nội dung tài liệu phân tích các vấn đề liên quan đến Nghiên cứu ảnh hưởng của phương pháp dẫn truyền vaccine SiV lên khả năng kháng vi khuẩn Streptococcus iniae ở cá chẽm (Lates calcarifer Bloch, 1790) , đồng thời đề xuất các hướng ứng dụng trong lĩnh vực nghiên cứu chuyên ngành. Tài liệu kết hợp giữa cơ sở học thuật và các tình huống ứng dụng nhằm nâng cao khả năng tiếp cận và triển khai thực tế. Tài liệu có thể được sử dụng như nguồn tham khảo trong học tập, nghiên cứu và triển khai các hệ thống thực tế.",/static/uploads/files/D158.pdf,/static/uploads/images/D158.jpg,Thesis,active
D159,"Nghiên cứu lựa chọn và ứng dụng một số chủng vi tảo trong sản xuất giống tôm he (Penaeus) tại Việt Nam /Mai Đức Thao; Phạm Quốc Hùng, Kim Jye Lee Chang: GVHD",,2025,153 tr. :Minh họa ;27 cm,"Tài liệu tập trung nghiên cứu về Nghiên cứu lựa chọn và ứng dụng một số chủng vi tảo trong sản xuất giống tôm he (Penaeus) tại Việt Nam , trình bày các cơ sở lý thuyết và phương pháp tiếp cận trong lĩnh vực lĩnh vực nghiên cứu chuyên ngành. Nghiên cứu áp dụng các mô hình và phương pháp đánh giá phổ biến nhằm phân tích hiệu quả của các giải pháp được đề cập. Tài liệu có thể được sử dụng như nguồn tham khảo trong học tập, nghiên cứu và triển khai các hệ thống thực tế.",/static/uploads/files/D159.pdf,/static/uploads/images/D159.jpg,Thesis,active
D160,"Các nhân tố ảnh hưởng đến thu nhập của nông hộ trồng cà phê tại huyện M'Drắk, tỉnh Đắk Lắk /Vũ Tấn Kiệt; Trương Ngọc Phong: GVHD",,2025,63 tr. ;27 cm,"Tài liệu tập trung nghiên cứu về Các nhân tố ảnh hưởng đến thu nhập của nông hộ trồng cà phê tại huyện M'Drắk, tỉnh Đắk Lắk , trình bày các cơ sở lý thuyết và phương pháp tiếp cận trong lĩnh vực lĩnh vực nghiên cứu chuyên ngành. Nội dung được xây dựng dựa trên việc hệ thống hóa kiến thức chuyên ngành kết hợp với các ví dụ minh họa thực tế. Nội dung tài liệu hỗ trợ người đọc tiếp cận các xu hướng nghiên cứu và ứng dụng hiện đại trong môi trường học thuật.",/static/uploads/files/D160.pdf,/static/uploads/images/D160.jpg,Thesis,active
D161,"Hoàn thiện công tác quản lý thuế thu nhập doanh nghiệp tại Chi cục thuế thành phố Nha Trang, tỉnh Khánh Hòa /Lê Thị Thúy Lan; Lê Kim Long: GVHD",,2025,108 tr. ;27 cm,"Nội dung tài liệu phân tích các vấn đề liên quan đến Hoàn thiện công tác quản lý thuế thu nhập doanh nghiệp tại Chi cục thuế thành phố Nha Trang, tỉnh Khánh Hòa , đồng thời đề xuất các hướng ứng dụng trong lĩnh vực nghiên cứu chuyên ngành. Nội dung được xây dựng dựa trên việc hệ thống hóa kiến thức chuyên ngành kết hợp với các ví dụ minh họa thực tế. Tài liệu có thể được sử dụng như nguồn tham khảo trong học tập, nghiên cứu và triển khai các hệ thống thực tế.",/static/uploads/files/D161.pdf,/static/uploads/images/D161.jpg,Thesis,active
D162,Các nhân tố ảnh hưởng đến sự tuân thủ thuế của các doanh nghiệp có vốn đầu tư nước ngoài tại địa bàn tỉnh Khánh Hòa /Bùi Đình Khánh; Hồ Huy Tựu: GVHD,,2025,108 tr. ;27 cm,"Nghiên cứu này trình bày các khía cạnh chuyên môn của Các nhân tố ảnh hưởng đến sự tuân thủ thuế của các doanh nghiệp có vốn đầu tư nước ngoài tại địa bàn tỉnh Khánh Hòa , kết hợp giữa nền tảng lý thuyết và ứng dụng thực tiễn trong lĩnh vực nghiên cứu chuyên ngành. Nội dung được xây dựng dựa trên việc hệ thống hóa kiến thức chuyên ngành kết hợp với các ví dụ minh họa thực tế. Nội dung tài liệu hỗ trợ người đọc tiếp cận các xu hướng nghiên cứu và ứng dụng hiện đại trong môi trường học thuật.",/static/uploads/files/D162.pdf,/static/uploads/images/D162.jpg,Thesis,active
D163,Hoàn thiện công tác quản lý thuế đối với hộ kinh doanh tại Chi cục Thuế khu vực nam Khánh Hòa /Trần Thị Mai; Phạm Thế Anh: GVHD,,2025,82 tr. ;27 cm,"Tài liệu cung cấp cái nhìn tổng quan về Hoàn thiện công tác quản lý thuế đối với hộ kinh doanh tại Chi cục Thuế khu vực nam Khánh Hòa , bao gồm các mô hình, kỹ thuật và xu hướng phát triển trong lĩnh vực nghiên cứu chuyên ngành. Tài liệu kết hợp giữa cơ sở học thuật và các tình huống ứng dụng nhằm nâng cao khả năng tiếp cận và triển khai thực tế. Tài liệu có thể được sử dụng như nguồn tham khảo trong học tập, nghiên cứu và triển khai các hệ thống thực tế.",/static/uploads/files/D163.pdf,/static/uploads/images/D163.jpg,Thesis,active
D164,"Nâng cao chất lượng đội ngũ cán bộ, công chức tại Sở Văn hóa, Thể thao và Du lịch tỉnh Phú Yên /Đoàn Thị Tô Huỳnh; Bùi Bích Xuân: GVHD",,2025,"70 tr. :bảng, biểu đồ ;27 cm","Nghiên cứu này trình bày các khía cạnh chuyên môn của Nâng cao chất lượng đội ngũ cán bộ, công chức tại Sở Văn hóa, Thể thao và Du lịch tỉnh Phú Yên , kết hợp giữa nền tảng lý thuyết và ứng dụng thực tiễn trong lĩnh vực nghiên cứu chuyên ngành. Nội dung được xây dựng dựa trên việc hệ thống hóa kiến thức chuyên ngành kết hợp với các ví dụ minh họa thực tế. Nghiên cứu góp phần cung cấp nền tảng kiến thức phục vụ cho việc học tập và phát triển chuyên môn.",/static/uploads/files/D164.pdf,/static/uploads/images/D164.jpg,Thesis,active
D165,"Phát triển sinh kế bền vững cho hộ đồng bào dân tộc thiểu số tại huyện Khánh Vĩnh, tỉnh Khánh Hòa /Cao Thị Ngọc Thanh; Nguyễn Văn Ngọc: GVHD",,2025,98 tr. ;27 cm,"Tài liệu tập trung nghiên cứu về Phát triển sinh kế bền vững cho hộ đồng bào dân tộc thiểu số tại huyện Khánh Vĩnh, tỉnh Khánh Hòa , trình bày các cơ sở lý thuyết và phương pháp tiếp cận trong lĩnh vực lĩnh vực nghiên cứu chuyên ngành. Tài liệu sử dụng phương pháp phân tích và tổng hợp tài liệu nhằm làm rõ các khái niệm, nguyên lý và kỹ thuật liên quan. Nội dung tài liệu hỗ trợ người đọc tiếp cận các xu hướng nghiên cứu và ứng dụng hiện đại trong môi trường học thuật.",/static/uploads/files/D165.pdf,/static/uploads/images/D165.jpg,Thesis,active
D166,"Nghiên cứu khả năng sử dụng hai loài vi tảo Thalassiosira weissflogii và Chaetoceros muelleri trong ương nuôi ấu trùng tôm sú (Penaeus monodon Fabricius, 1798) /Đặng Lê Phương Vy; Lục Minh Diệp: GVHD",,2025,67 tr. :Minh họa ;27 cm,"Tài liệu cung cấp cái nhìn tổng quan về Nghiên cứu khả năng sử dụng hai loài vi tảo Thalassiosira weissflogii và Chaetoceros muelleri trong ương nuôi ấu trùng tôm sú (Penaeus monodon Fabricius, 1798) , bao gồm các mô hình, kỹ thuật và xu hướng phát triển trong trí tuệ nhân tạo. Nội dung được xây dựng dựa trên việc hệ thống hóa kiến thức chuyên ngành kết hợp với các ví dụ minh họa thực tế. Nghiên cứu góp phần cung cấp nền tảng kiến thức phục vụ cho việc học tập và phát triển chuyên môn.",/static/uploads/files/D166.pdf,/static/uploads/images/D166.jpg,Thesis,active
D167,"Nghiên cứu một số đặc tính sinh học của chủng vi khuẩn Riemerella anatipestifer định hướng sản xuất vắc xin phòng bệnh nhiễm trùng huyết ở vịt /Tăng Mạnh Nhật; Lê Phương Chung, Lê Đình Hải: GVHD",,2025,48 tr. :Minh họa ;27 cm,"Tài liệu tập trung nghiên cứu về Nghiên cứu một số đặc tính sinh học của chủng vi khuẩn Riemerella anatipestifer định hướng sản xuất vắc xin phòng bệnh nhiễm trùng huyết ở vịt , trình bày các cơ sở lý thuyết và phương pháp tiếp cận trong lĩnh vực lĩnh vực nghiên cứu chuyên ngành. Tài liệu kết hợp giữa cơ sở học thuật và các tình huống ứng dụng nhằm nâng cao khả năng tiếp cận và triển khai thực tế. Kết quả của tài liệu có giá trị tham khảo đối với sinh viên, giảng viên và các nhà nghiên cứu trong lĩnh vực liên quan.",/static/uploads/files/D167.pdf,/static/uploads/images/D167.jpg,Thesis,active
D168,"Các nhân tố ảnh hưởng đến hành vi phân loại rác tại nguồn của người dân trên địa bàn thành phố Cam Ranh, tỉnh Khánh Hòa /Phạm Thị Hồng Lệ; Phạm Thành Thái: GVHD",,2025,75 tr. ;27 cm,"Nội dung tài liệu phân tích các vấn đề liên quan đến Các nhân tố ảnh hưởng đến hành vi phân loại rác tại nguồn của người dân trên địa bàn thành phố Cam Ranh, tỉnh Khánh Hòa , đồng thời đề xuất các hướng ứng dụng trong lĩnh vực nghiên cứu chuyên ngành. Nghiên cứu áp dụng các mô hình và phương pháp đánh giá phổ biến nhằm phân tích hiệu quả của các giải pháp được đề cập. Kết quả của tài liệu có giá trị tham khảo đối với sinh viên, giảng viên và các nhà nghiên cứu trong lĩnh vực liên quan.",/static/uploads/files/D168.pdf,/static/uploads/images/D168.jpg,Thesis,active
D169,Tác động của giáo dục và đào tạo nghề đến khả năng tìm việc của lao động trẻ tại tỉnh Khánh Hòa /Lý Phương Tài; Phạm Thành Thái: GVHD,,2025,86 tr. ;27 cm,"Tài liệu tập trung nghiên cứu về Tác động của giáo dục và đào tạo nghề đến khả năng tìm việc của lao động trẻ tại tỉnh Khánh Hòa , trình bày các cơ sở lý thuyết và phương pháp tiếp cận trong lĩnh vực lĩnh vực nghiên cứu chuyên ngành. Tài liệu sử dụng phương pháp phân tích và tổng hợp tài liệu nhằm làm rõ các khái niệm, nguyên lý và kỹ thuật liên quan. Nội dung tài liệu hỗ trợ người đọc tiếp cận các xu hướng nghiên cứu và ứng dụng hiện đại trong môi trường học thuật.",/static/uploads/files/D169.pdf,/static/uploads/images/D169.jpg,Thesis,active
D170,Dự đoán liên kết về học thuật dựa trên ontology /Thịnh Thị Thúy; Phạm Thị Thu Thúy: GVHD,,2025,65 tr. :Minh họa ;27 cm,"Tài liệu tập trung nghiên cứu về Dự đoán liên kết về học thuật dựa trên ontology , trình bày các cơ sở lý thuyết và phương pháp tiếp cận trong lĩnh vực lĩnh vực nghiên cứu chuyên ngành. Tài liệu sử dụng phương pháp phân tích và tổng hợp tài liệu nhằm làm rõ các khái niệm, nguyên lý và kỹ thuật liên quan. Nghiên cứu góp phần cung cấp nền tảng kiến thức phục vụ cho việc học tập và phát triển chuyên môn.",/static/uploads/files/D170.pdf,/static/uploads/images/D170.jpg,Thesis,active
D171,"Đa dạng thành phần loài và mối quan hệ tiến hóa của giáp xác ký sinh trên vật chủ cua bơi Thalamita crenata Rüppell, 1830 tại vịnh Nha Trang, Khánh Hòa /Nguyễn Phương Liên; Đặng Thúy Bình, Nguyễn Thị Hải Thanh: GVHD",,2025,66 tr. :Minh họa ;27 cm,"Nghiên cứu này trình bày các khía cạnh chuyên môn của Đa dạng thành phần loài và mối quan hệ tiến hóa của giáp xác ký sinh trên vật chủ cua bơi Thalamita crenata Rüppell, 1830 tại vịnh Nha Trang, Khánh Hòa , kết hợp giữa nền tảng lý thuyết và ứng dụng thực tiễn trong lĩnh vực nghiên cứu chuyên ngành. Nội dung được xây dựng dựa trên việc hệ thống hóa kiến thức chuyên ngành kết hợp với các ví dụ minh họa thực tế. Kết quả của tài liệu có giá trị tham khảo đối với sinh viên, giảng viên và các nhà nghiên cứu trong lĩnh vực liên quan.",/static/uploads/files/D171.pdf,/static/uploads/images/D171.jpg,Thesis,active
D172,"Nghiên cứu sự biến đổi chất lượng của phi lê cá chim vây vàng trong quá trình bảo quản đông /Nguyễn Hồng Duyên; Mai Thị Tuyết Nga, Huỳnh Thị Ái Vân: GVHD",,2025,85 tr. ;27 cm,"Tài liệu tập trung nghiên cứu về Nghiên cứu sự biến đổi chất lượng của phi lê cá chim vây vàng trong quá trình bảo quản đông , trình bày các cơ sở lý thuyết và phương pháp tiếp cận trong lĩnh vực lĩnh vực nghiên cứu chuyên ngành. Tài liệu kết hợp giữa cơ sở học thuật và các tình huống ứng dụng nhằm nâng cao khả năng tiếp cận và triển khai thực tế. Nội dung tài liệu hỗ trợ người đọc tiếp cận các xu hướng nghiên cứu và ứng dụng hiện đại trong môi trường học thuật.",/static/uploads/files/D172.pdf,/static/uploads/images/D172.jpg,Thesis,active
D173,"Mô hình toán quá trình truyền nhiệt, truyền chất trong sấy cá đù fillet bằng bức xạ hồng ngoại kết hợp năng lượng mặt trời gián tiếp /Trần Đình Khoa; Lê Như Chính, Khổng Trung Thắng: GVHD",,2025,89 tr. :Minh họa ;27 cm,"Tài liệu tập trung nghiên cứu về Mô hình toán quá trình truyền nhiệt, truyền chất trong sấy cá đù fillet bằng bức xạ hồng ngoại kết hợp năng lượng mặt trời gián tiếp , trình bày các cơ sở lý thuyết và phương pháp tiếp cận trong lĩnh vực lĩnh vực nghiên cứu chuyên ngành. Tài liệu kết hợp giữa cơ sở học thuật và các tình huống ứng dụng nhằm nâng cao khả năng tiếp cận và triển khai thực tế. Nội dung tài liệu hỗ trợ người đọc tiếp cận các xu hướng nghiên cứu và ứng dụng hiện đại trong môi trường học thuật.",/static/uploads/files/D173.pdf,/static/uploads/images/D173.jpg,Thesis,active
D174,"Tối ưu hóa điều kiện dinh dưỡng bổ sung đến hai loài tảo Thalassiosira weissflogii Fryxell & Hasle, 1977, Tetraselmis chuii Butcher, 1959 và sử dụng kết hợp làm thức ăn cho ấu trùng tôm thẻ chân trắng (Penaeus vannamei Boone,1931) /Lương Thị Thu Thanh; Lục Minh Diệp: GVHD",,2025,55 tr. :Minh họa ;27 cm,"Nghiên cứu này trình bày các khía cạnh chuyên môn của Tối ưu hóa điều kiện dinh dưỡng bổ sung đến hai loài tảo Thalassiosira weissflogii Fryxell & Hasle, 1977, Tetraselmis chuii Butcher, 1959 và sử dụng kết hợp làm thức ăn cho ấu trùng tôm thẻ chân trắng (Penaeus vannamei Boone,1931) , kết hợp giữa nền tảng lý thuyết và ứng dụng thực tiễn trong trí tuệ nhân tạo. Nội dung được xây dựng dựa trên việc hệ thống hóa kiến thức chuyên ngành kết hợp với các ví dụ minh họa thực tế. Tài liệu có thể được sử dụng như nguồn tham khảo trong học tập, nghiên cứu và triển khai các hệ thống thực tế.",/static/uploads/files/D174.pdf,/static/uploads/images/D174.jpg,Thesis,active
D175,Nghiên cứu bảo quản tinh trùng cá tầm Nga (Acipenser gueldenstaedtii) và cá tầm Xiberi (A. baerii) nuôi tại Lâm Đồng /Hồ Thanh Tuyền; Lương Công Trung: GVHD,,2025,61 tr. :Minh họa ;27 cm,"Nghiên cứu này trình bày các khía cạnh chuyên môn của Nghiên cứu bảo quản tinh trùng cá tầm Nga (Acipenser gueldenstaedtii) và cá tầm Xiberi (A. baerii) nuôi tại Lâm Đồng , kết hợp giữa nền tảng lý thuyết và ứng dụng thực tiễn trong lĩnh vực nghiên cứu chuyên ngành. Nghiên cứu áp dụng các mô hình và phương pháp đánh giá phổ biến nhằm phân tích hiệu quả của các giải pháp được đề cập. Kết quả của tài liệu có giá trị tham khảo đối với sinh viên, giảng viên và các nhà nghiên cứu trong lĩnh vực liên quan.",/static/uploads/files/D175.pdf,/static/uploads/images/D175.jpg,Thesis,active
D176,"Ảnh hưởng của màu bể và Astaxanthin bổ sung lên sinh trưởng của cá tai bồ (Platax teira Forsskal, 1775) giai đoạn giống /Nguyễn Hữu Khang; Nguyễn Văn Minh: GVHD",,2025,47 tr. :Minh họa ;27 cm,"Tài liệu cung cấp cái nhìn tổng quan về Ảnh hưởng của màu bể và Astaxanthin bổ sung lên sinh trưởng của cá tai bồ (Platax teira Forsskal, 1775) giai đoạn giống , bao gồm các mô hình, kỹ thuật và xu hướng phát triển trong trí tuệ nhân tạo. Tài liệu sử dụng phương pháp phân tích và tổng hợp tài liệu nhằm làm rõ các khái niệm, nguyên lý và kỹ thuật liên quan. Tài liệu có thể được sử dụng như nguồn tham khảo trong học tập, nghiên cứu và triển khai các hệ thống thực tế.",/static/uploads/files/D176.pdf,/static/uploads/images/D176.jpg,Thesis,active
D177,Chất lượng tinh trùng của cá tầm Nga (Acipenser gueldenstaedtii) và cá tầm Xiberi (Acipenser baerii):Đặc tính lý hóa và ảnh hưởng của một số yếu tố sinh thái /Châu Bích Liên; Trần Văn Phước: GVHD,,2025,87 tr. :Minh họa ;27 cm,"Nghiên cứu này trình bày các khía cạnh chuyên môn của Chất lượng tinh trùng của cá tầm Nga (Acipenser gueldenstaedtii) và cá tầm Xiberi (Acipenser baerii): Đặc tính lý hóa và ảnh hưởng của một số yếu tố sinh thái , kết hợp giữa nền tảng lý thuyết và ứng dụng thực tiễn trong lĩnh vực nghiên cứu chuyên ngành. Tài liệu sử dụng phương pháp phân tích và tổng hợp tài liệu nhằm làm rõ các khái niệm, nguyên lý và kỹ thuật liên quan. Tài liệu có thể được sử dụng như nguồn tham khảo trong học tập, nghiên cứu và triển khai các hệ thống thực tế.",/static/uploads/files/D177.pdf,/static/uploads/images/D177.jpg,Thesis,active
D178,"Đánh giá hiệu quả sử dụng thiết bị giám sát hành trình Vifish.18 trên tàu cá tỉnh Khánh Hòa /Phạm Mai Phước; Trần Trọng Đạo, Tô Văn Phương: GVHD",,2025,64 tr. :Minh họa ;27 cm,"Tài liệu cung cấp cái nhìn tổng quan về Đánh giá hiệu quả sử dụng thiết bị giám sát hành trình Vifish.18 trên tàu cá tỉnh Khánh Hòa , bao gồm các mô hình, kỹ thuật và xu hướng phát triển trong lĩnh vực nghiên cứu chuyên ngành. Nội dung được xây dựng dựa trên việc hệ thống hóa kiến thức chuyên ngành kết hợp với các ví dụ minh họa thực tế. Nội dung tài liệu hỗ trợ người đọc tiếp cận các xu hướng nghiên cứu và ứng dụng hiện đại trong môi trường học thuật.",/static/uploads/files/D178.pdf,/static/uploads/images/D178.jpg,Thesis,active
D179,"Đề xuất mô hình quản lý giao thông thông minh tại thành phố Nha Trang, tỉnh Khánh Hòa /Cao Như Ý; Nguyễn Văn Ngọc: GVHD",,2025,74 tr. ;24 cm,"Tài liệu tập trung nghiên cứu về Đề xuất mô hình quản lý giao thông thông minh tại thành phố Nha Trang, tỉnh Khánh Hòa , trình bày các cơ sở lý thuyết và phương pháp tiếp cận trong lĩnh vực lĩnh vực nghiên cứu chuyên ngành. Tài liệu sử dụng phương pháp phân tích và tổng hợp tài liệu nhằm làm rõ các khái niệm, nguyên lý và kỹ thuật liên quan. Kết quả của tài liệu có giá trị tham khảo đối với sinh viên, giảng viên và các nhà nghiên cứu trong lĩnh vực liên quan.",/static/uploads/files/D179.pdf,/static/uploads/images/D179.jpg,Thesis,active
D180,Số hóa bảng từ hình ảnh bằng thị giác máy tính /Lê Hoàn Chân; Nguyễn Khắc Cường: GVHD,,2025,74 tr. :Minh họa ;27 cm,"Nội dung tài liệu phân tích các vấn đề liên quan đến Số hóa bảng từ hình ảnh bằng thị giác máy tính , đồng thời đề xuất các hướng ứng dụng trong lĩnh vực nghiên cứu chuyên ngành. Tài liệu kết hợp giữa cơ sở học thuật và các tình huống ứng dụng nhằm nâng cao khả năng tiếp cận và triển khai thực tế. Nội dung tài liệu hỗ trợ người đọc tiếp cận các xu hướng nghiên cứu và ứng dụng hiện đại trong môi trường học thuật.",/static/uploads/files/D180.pdf,/static/uploads/images/D180.jpg,Thesis,active
D181,"Phát triển sinh kế từ hoạt động du lịch cho hộ gia đình tại đảo Bích Đầm, thành phố Nha Trang, tỉnh Khánh Hòa /Lê Công Minh; Phạm Hồng Mạnh: GVHD",,2025,85 tr. ;27 cm,"Nghiên cứu này trình bày các khía cạnh chuyên môn của Phát triển sinh kế từ hoạt động du lịch cho hộ gia đình tại đảo Bích Đầm, thành phố Nha Trang, tỉnh Khánh Hòa , kết hợp giữa nền tảng lý thuyết và ứng dụng thực tiễn trong lĩnh vực nghiên cứu chuyên ngành. Tài liệu kết hợp giữa cơ sở học thuật và các tình huống ứng dụng nhằm nâng cao khả năng tiếp cận và triển khai thực tế. Nghiên cứu góp phần cung cấp nền tảng kiến thức phục vụ cho việc học tập và phát triển chuyên môn.",/static/uploads/files/D181.pdf,/static/uploads/images/D181.jpg,Thesis,active
D182,"Một số giải pháp phát triển kinh tế xã Ea Trang, huyện M'Drắk, tỉnh Đắk Lắk /Nguyễn Thị Sinh; Quách Thị Khánh Ngọc: GVHD",,2025,59 tr. :Minh họa ;27 cm,"Tài liệu tập trung nghiên cứu về Một số giải pháp phát triển kinh tế xã Ea Trang, huyện M'Drắk, tỉnh Đắk Lắk , trình bày các cơ sở lý thuyết và phương pháp tiếp cận trong lĩnh vực lĩnh vực nghiên cứu chuyên ngành. Tài liệu sử dụng phương pháp phân tích và tổng hợp tài liệu nhằm làm rõ các khái niệm, nguyên lý và kỹ thuật liên quan. Tài liệu có thể được sử dụng như nguồn tham khảo trong học tập, nghiên cứu và triển khai các hệ thống thực tế.",/static/uploads/files/D182.pdf,/static/uploads/images/D182.jpg,Thesis,active
D183,Hoàn thiện kiểm soát nội bộ đối với hoạt động quản lý hàng tồn kho tại Viễn Thông Khánh Hòa /Nguyễn Hoài Sơn; Võ Thị Thùy Trang: GVHD,,2025,85 tr. ;27 cm,"Tài liệu cung cấp cái nhìn tổng quan về Hoàn thiện kiểm soát nội bộ đối với hoạt động quản lý hàng tồn kho tại Viễn Thông Khánh Hòa , bao gồm các mô hình, kỹ thuật và xu hướng phát triển trong lĩnh vực nghiên cứu chuyên ngành. Nội dung được xây dựng dựa trên việc hệ thống hóa kiến thức chuyên ngành kết hợp với các ví dụ minh họa thực tế. Nội dung tài liệu hỗ trợ người đọc tiếp cận các xu hướng nghiên cứu và ứng dụng hiện đại trong môi trường học thuật.",/static/uploads/files/D183.pdf,/static/uploads/images/D183.jpg,Thesis,active
D184,Đánh giá hiệu quả tài chính các công ty niêm yết thuộc lĩnh vực chế biến thủy sản trên thị trường chứng khoán Việt Nam /Nguyễn Thị Ngọc Trâm; Võ Thị Thùy Trang: GVHD,,2025,113 tr. ;27 cm,"Tài liệu tập trung nghiên cứu về Đánh giá hiệu quả tài chính các công ty niêm yết thuộc lĩnh vực chế biến thủy sản trên thị trường chứng khoán Việt Nam , trình bày các cơ sở lý thuyết và phương pháp tiếp cận trong lĩnh vực lĩnh vực nghiên cứu chuyên ngành. Nội dung được xây dựng dựa trên việc hệ thống hóa kiến thức chuyên ngành kết hợp với các ví dụ minh họa thực tế. Nội dung tài liệu hỗ trợ người đọc tiếp cận các xu hướng nghiên cứu và ứng dụng hiện đại trong môi trường học thuật.",/static/uploads/files/D184.pdf,/static/uploads/images/D184.jpg,Thesis,active
D185,"Ảnh hưởng của chất lượng dịch vụ, sự hài lòng và chi phí chuyển đổi đến lòng trung thành của khách hàng đại lý / cộng tác viên sử dụng ứng dụng Ignite by Igloo đối với dịch vụ bảo hiểm phi nhân thọ tại Công ty Trách nhiệm hữu hạn Axinan Việt Nam /Lê Hằng Thanh Thiện; Hồ Huy Tựu: GVHD",,2025,58 tr. :Minh họa ;27 cm,"Nghiên cứu này trình bày các khía cạnh chuyên môn của Ảnh hưởng của chất lượng dịch vụ, sự hài lòng và chi phí chuyển đổi đến lòng trung thành của khách hàng đại lý , kết hợp giữa nền tảng lý thuyết và ứng dụng thực tiễn trong lĩnh vực nghiên cứu chuyên ngành. Nghiên cứu áp dụng các mô hình và phương pháp đánh giá phổ biến nhằm phân tích hiệu quả của các giải pháp được đề cập. Tài liệu có thể được sử dụng như nguồn tham khảo trong học tập, nghiên cứu và triển khai các hệ thống thực tế.",/static/uploads/files/D185.pdf,/static/uploads/images/D185.jpg,Thesis,active
D186,"Các nhân tố ảnh hưởng đến ý định tham gia bảo hiểm phi nhân thọ Bảo Việt của người dân tại thành phố Nha Trang, tỉnh Khánh Hòa /Lý Minh Hiếu; Nguyễn Ngọc Duy: GVHD",,2025,"xii, 61 tr :phụ lục ;27 cm","Tài liệu tập trung nghiên cứu về Các nhân tố ảnh hưởng đến ý định tham gia bảo hiểm phi nhân thọ Bảo Việt của người dân tại thành phố Nha Trang, tỉnh Khánh Hòa , trình bày các cơ sở lý thuyết và phương pháp tiếp cận trong lĩnh vực lĩnh vực nghiên cứu chuyên ngành. Nghiên cứu áp dụng các mô hình và phương pháp đánh giá phổ biến nhằm phân tích hiệu quả của các giải pháp được đề cập. Kết quả của tài liệu có giá trị tham khảo đối với sinh viên, giảng viên và các nhà nghiên cứu trong lĩnh vực liên quan.",/static/uploads/files/D186.pdf,/static/uploads/images/D186.jpg,Thesis,active
D187,Phân tích hiệu quả hoạt động các ngân hàng thương mại Việt Nam giai đoạn 2018-2022 /Vũ Minh Hiếu; Lê Kim Long: GVHD,,2025,86 tr. ;27 cm,"Tài liệu cung cấp cái nhìn tổng quan về Phân tích hiệu quả hoạt động các ngân hàng thương mại Việt Nam giai đoạn 2018-2022 , bao gồm các mô hình, kỹ thuật và xu hướng phát triển trong trí tuệ nhân tạo. Tài liệu sử dụng phương pháp phân tích và tổng hợp tài liệu nhằm làm rõ các khái niệm, nguyên lý và kỹ thuật liên quan. Kết quả của tài liệu có giá trị tham khảo đối với sinh viên, giảng viên và các nhà nghiên cứu trong lĩnh vực liên quan.",/static/uploads/files/D187.pdf,/static/uploads/images/D187.jpg,Thesis,active
D188,"Nghiên cứu chuỗi cung ứng cá chim vây vàng tại thành phố Nha Trang, tỉnh Khánh Hòa /Trần Thị Phương Liên; Nguyễn Thị Trâm Anh: GVHD",,2025,86 tr. ;27 cm,"Tài liệu tập trung nghiên cứu về Nghiên cứu chuỗi cung ứng cá chim vây vàng tại thành phố Nha Trang, tỉnh Khánh Hòa , trình bày các cơ sở lý thuyết và phương pháp tiếp cận trong lĩnh vực lĩnh vực nghiên cứu chuyên ngành. Tài liệu kết hợp giữa cơ sở học thuật và các tình huống ứng dụng nhằm nâng cao khả năng tiếp cận và triển khai thực tế. Nội dung tài liệu hỗ trợ người đọc tiếp cận các xu hướng nghiên cứu và ứng dụng hiện đại trong môi trường học thuật.",/static/uploads/files/D188.pdf,/static/uploads/images/D188.jpg,Thesis,active
D189,"Nghiên cứu nhân tố ảnh hưởng đến ý định tiết kiệm điện của hộ gia đình tại thành phố Tuy Hòa, tỉnh Phú Yên /Ngô Đình Duy; Trần Thị Ái Cẩm: GVHD",,2025,77 tr. ;27 cm,"Tài liệu tập trung nghiên cứu về Nghiên cứu nhân tố ảnh hưởng đến ý định tiết kiệm điện của hộ gia đình tại thành phố Tuy Hòa, tỉnh Phú Yên , trình bày các cơ sở lý thuyết và phương pháp tiếp cận trong lĩnh vực lĩnh vực nghiên cứu chuyên ngành. Tài liệu sử dụng phương pháp phân tích và tổng hợp tài liệu nhằm làm rõ các khái niệm, nguyên lý và kỹ thuật liên quan. Tài liệu có thể được sử dụng như nguồn tham khảo trong học tập, nghiên cứu và triển khai các hệ thống thực tế.",/static/uploads/files/D189.pdf,/static/uploads/images/D189.jpg,Thesis,active
D190,"Các yếu tố ảnh hưởng đến quyết định đầu tư của doanh nghiệp vào Khu kinh tế Vân Phong, tỉnh Khánh Hòa /Nguyễn Quốc Cường; Hà Việt Hùng: GVHD",,2025,66 tr. ;27 cm,"Tài liệu tập trung nghiên cứu về Các yếu tố ảnh hưởng đến quyết định đầu tư của doanh nghiệp vào Khu kinh tế Vân Phong, tỉnh Khánh Hòa , trình bày các cơ sở lý thuyết và phương pháp tiếp cận trong lĩnh vực lĩnh vực nghiên cứu chuyên ngành. Nội dung được xây dựng dựa trên việc hệ thống hóa kiến thức chuyên ngành kết hợp với các ví dụ minh họa thực tế. Kết quả của tài liệu có giá trị tham khảo đối với sinh viên, giảng viên và các nhà nghiên cứu trong lĩnh vực liên quan.",/static/uploads/files/D190.pdf,/static/uploads/images/D190.jpg,Thesis,active
D191,"Phát triển đối tượng tham gia Bảo hiểm xã hội tự nguyện khu vực phi chính thức trên địa bàn huyện Khánh Vĩnh, tỉnh Khánh Hòa /Huỳnh Nguyễn Hồng Anh; Hà Việt Hùng: GVHD",,2025,85 tr. ;27 cm,"Tài liệu cung cấp cái nhìn tổng quan về Phát triển đối tượng tham gia Bảo hiểm xã hội tự nguyện khu vực phi chính thức trên địa bàn huyện Khánh Vĩnh, tỉnh Khánh Hòa , bao gồm các mô hình, kỹ thuật và xu hướng phát triển trong lĩnh vực nghiên cứu chuyên ngành. Nghiên cứu áp dụng các mô hình và phương pháp đánh giá phổ biến nhằm phân tích hiệu quả của các giải pháp được đề cập. Nghiên cứu góp phần cung cấp nền tảng kiến thức phục vụ cho việc học tập và phát triển chuyên môn.",/static/uploads/files/D191.pdf,/static/uploads/images/D191.jpg,Thesis,active
D192,Quản trị rủi ro tín dụng cá nhân tại Ngân hàng Thương mại Cổ phần Tiên Phong - chi nhánh Nha Trang /Nguyễn Lê Thanh Tuấn; Phạm Thế Anh: GVHD,,2025,86 tr. ;27 cm,"Nghiên cứu này trình bày các khía cạnh chuyên môn của Quản trị rủi ro tín dụng cá nhân tại Ngân hàng Thương mại Cổ phần Tiên Phong - chi nhánh Nha Trang , kết hợp giữa nền tảng lý thuyết và ứng dụng thực tiễn trong lĩnh vực nghiên cứu chuyên ngành. Nội dung được xây dựng dựa trên việc hệ thống hóa kiến thức chuyên ngành kết hợp với các ví dụ minh họa thực tế. Nội dung tài liệu hỗ trợ người đọc tiếp cận các xu hướng nghiên cứu và ứng dụng hiện đại trong môi trường học thuật.",/static/uploads/files/D192.pdf,/static/uploads/images/D192.jpg,Thesis,active
D193,Tạo động lực làm việc cho người lao động tại Công ty Cổ phần Lavite /Nguyễn Ngọc Trang Tâm; Nguyễn Thị Kim Anh: GVHD,,2025,70 tr. ;27 cm,"Tài liệu cung cấp cái nhìn tổng quan về Tạo động lực làm việc cho người lao động tại Công ty Cổ phần Lavite , bao gồm các mô hình, kỹ thuật và xu hướng phát triển trong lĩnh vực nghiên cứu chuyên ngành. Nghiên cứu áp dụng các mô hình và phương pháp đánh giá phổ biến nhằm phân tích hiệu quả của các giải pháp được đề cập. Tài liệu có thể được sử dụng như nguồn tham khảo trong học tập, nghiên cứu và triển khai các hệ thống thực tế.",/static/uploads/files/D193.pdf,/static/uploads/images/D193.jpg,Thesis,active
D194,Nâng cao năng lực cạnh tranh của sản phẩm nước tinh khiết Sanna tại Công ty cổ phần nước giải khát Sanna Khánh Hòa /Nguyễn Thị Hoàng Ngân; Nguyễn Thị Trâm Anh: GVHD,,2025,81 tr. :Minh họa ;27 cm,"Nghiên cứu này trình bày các khía cạnh chuyên môn của Nâng cao năng lực cạnh tranh của sản phẩm nước tinh khiết Sanna tại Công ty cổ phần nước giải khát Sanna Khánh Hòa , kết hợp giữa nền tảng lý thuyết và ứng dụng thực tiễn trong lĩnh vực nghiên cứu chuyên ngành. Nghiên cứu áp dụng các mô hình và phương pháp đánh giá phổ biến nhằm phân tích hiệu quả của các giải pháp được đề cập. Nghiên cứu góp phần cung cấp nền tảng kiến thức phục vụ cho việc học tập và phát triển chuyên môn.",/static/uploads/files/D194.pdf,/static/uploads/images/D194.jpg,Thesis,active
D195,"Ứng dụng phương pháp xác định hoạt lực Spiramycin trên chủng vi sinh vật chuẩn trong đánh giá thuốc tân dược lưu hành tại thành phố Tuy Hòa /Đặng Lư Minh Hà; Nguyễn Thị Như Thường, Phạm Thị Minh Thu: GVHD",,2025,53 tr. ;27 cm,"Nghiên cứu này trình bày các khía cạnh chuyên môn của Ứng dụng phương pháp xác định hoạt lực Spiramycin trên chủng vi sinh vật chuẩn trong đánh giá thuốc tân dược lưu hành tại thành phố Tuy Hòa , kết hợp giữa nền tảng lý thuyết và ứng dụng thực tiễn trong lĩnh vực nghiên cứu chuyên ngành. Nghiên cứu áp dụng các mô hình và phương pháp đánh giá phổ biến nhằm phân tích hiệu quả của các giải pháp được đề cập. Nghiên cứu góp phần cung cấp nền tảng kiến thức phục vụ cho việc học tập và phát triển chuyên môn.",/static/uploads/files/D195.pdf,/static/uploads/images/D195.jpg,Thesis,active
D196,"Nghiên cứu độ bền và cơ chế phá hủy của mối hàn ma sát giữa hợp kim nhôm AA6061-T6 với thép không gỉ SUS316 /Hồ Hữu Huy; Trần Hưng Trà, Dương Đình Hảo: GVHD",,2025,103 tr. :Minh họa ;27 cm,"Tài liệu cung cấp cái nhìn tổng quan về Nghiên cứu độ bền và cơ chế phá hủy của mối hàn ma sát giữa hợp kim nhôm AA6061-T6 với thép không gỉ SUS316 , bao gồm các mô hình, kỹ thuật và xu hướng phát triển trong lĩnh vực nghiên cứu chuyên ngành. Tài liệu sử dụng phương pháp phân tích và tổng hợp tài liệu nhằm làm rõ các khái niệm, nguyên lý và kỹ thuật liên quan. Nghiên cứu góp phần cung cấp nền tảng kiến thức phục vụ cho việc học tập và phát triển chuyên môn.",/static/uploads/files/D196.pdf,/static/uploads/images/D196.jpg,Thesis,active
D197,"Nghiên cứu các hệ thống khuyến nghị, ứng dụng xây dựng website bán xe cũ /Ngô Nguyễn Tường Nghi; Nguyễn Đình Hưng: GVHD",,2025,53 tr. :Minh họa ;27 cm,"Tài liệu cung cấp cái nhìn tổng quan về Nghiên cứu các hệ thống khuyến nghị, ứng dụng xây dựng website bán xe cũ , bao gồm các mô hình, kỹ thuật và xu hướng phát triển trong lĩnh vực nghiên cứu chuyên ngành. Nghiên cứu áp dụng các mô hình và phương pháp đánh giá phổ biến nhằm phân tích hiệu quả của các giải pháp được đề cập. Tài liệu có thể được sử dụng như nguồn tham khảo trong học tập, nghiên cứu và triển khai các hệ thống thực tế.",/static/uploads/files/D197.pdf,/static/uploads/images/D197.jpg,Thesis,active
D198,"Khảo sát thành phần loài và biến động nguồn giống trứng cá - ấu trùng cá (Ichthyoplankton) của một số họ cá rạn phổ biến ở vùng biển ven bờ Ninh Hải, tỉnh Ninh Thuận /Nguyễn Lê Thảo My; Đặng Thúy Bình: GVHD",,2025,123 tr. :Minh họa ;27 cm,"Nghiên cứu này trình bày các khía cạnh chuyên môn của Khảo sát thành phần loài và biến động nguồn giống trứng cá - ấu trùng cá (Ichthyoplankton) của một số họ cá rạn phổ biến ở vùng biển ven bờ Ninh Hải, tỉnh Ninh Thuận , kết hợp giữa nền tảng lý thuyết và ứng dụng thực tiễn trong lĩnh vực nghiên cứu chuyên ngành. Nghiên cứu áp dụng các mô hình và phương pháp đánh giá phổ biến nhằm phân tích hiệu quả của các giải pháp được đề cập. Nội dung tài liệu hỗ trợ người đọc tiếp cận các xu hướng nghiên cứu và ứng dụng hiện đại trong môi trường học thuật.",/static/uploads/files/D198.pdf,/static/uploads/images/D198.jpg,Thesis,active
D199,"Tạo chủng và xác định các đặc tính sinh học của Actinobacillus pleuropneumoniae serotype 5 đột biến mất gen apxIC và apxIIC /Trịnh Lê Hoàng Sơn; Nguyễn Thị Anh Thư, Đào Hoài Thu: GVHD",,2025,72 tr. :Minh họa ;27 cm,"Tài liệu tập trung nghiên cứu về Tạo chủng và xác định các đặc tính sinh học của Actinobacillus pleuropneumoniae serotype 5 đột biến mất gen apxIC và apxIIC , trình bày các cơ sở lý thuyết và phương pháp tiếp cận trong lĩnh vực lĩnh vực nghiên cứu chuyên ngành. Tài liệu sử dụng phương pháp phân tích và tổng hợp tài liệu nhằm làm rõ các khái niệm, nguyên lý và kỹ thuật liên quan. Nội dung tài liệu hỗ trợ người đọc tiếp cận các xu hướng nghiên cứu và ứng dụng hiện đại trong môi trường học thuật.",/static/uploads/files/D199.pdf,/static/uploads/images/aace93a43b814188a8056bd2f5031669.jpg,Thesis,active
D200,"Nghiên cứu đáp ứng miễn dịch của thành phần kháng nguyên ho gà vô bào trong vắc xin bạch hầu - uốn ván - ho gà vô bào ( DTaP và Tdap) nghiên cứu tại Viện Vắc xin và sinh phẩm y tế /Nguyễn Xuân Khánh Hà; Nguyễn Thị Anh Thư, Nguyễn Thị Lan Phương: GVHD",,2025,69 tr. :Minh họa ;27 cm,"Nội dung tài liệu phân tích các vấn đề liên quan đến Nghiên cứu đáp ứng miễn dịch của thành phần kháng nguyên ho gà vô bào trong vắc xin bạch hầu - uốn ván - ho gà vô bào ( DTaP và Tdap) nghiên cứu tại Viện Vắc xin và sinh phẩm y tế , đồng thời đề xuất các hướng ứng dụng trong lĩnh vực nghiên cứu chuyên ngành. Tài liệu sử dụng phương pháp phân tích và tổng hợp tài liệu nhằm làm rõ các khái niệm, nguyên lý và kỹ thuật liên quan. Tài liệu có thể được sử dụng như nguồn tham khảo trong học tập, nghiên cứu và triển khai các hệ thống thực tế.",/static/uploads/files/D200.pdf,/static/uploads/images/5b0e5c0543214a4b91726b7dc445d34c.jpg,Thesis,active
D201,Direct photodegradation of carbamazepine followed by micellar electrokinetic chromatography and mass spectrometry /Vania Calisto and others,,2025,From p.127-136,"Nội dung tài liệu phân tích các vấn đề liên quan đến Direct photodegradation of carbamazepine followed by micellar electrokinetic chromatography and mass spectrometry , đồng thời đề xuất các hướng ứng dụng trong lĩnh vực nghiên cứu chuyên ngành. Nghiên cứu áp dụng các mô hình và phương pháp đánh giá phổ biến nhằm phân tích hiệu quả của các giải pháp được đề cập. Nội dung tài liệu hỗ trợ người đọc tiếp cận các xu hướng nghiên cứu và ứng dụng hiện đại trong môi trường học thuật.",/static/uploads/files/D201.pdf,/static/uploads/images/pdf.jpg,Article,active
D202,"Biochemical oxygen demand and nutrient processing in a novel multi-stage raw municipal wastewater and acid mine drainage passive co-treatment system /W.H. Strosnider, B.K. Winfrey, R.W. Nairn",,2025,From p.119-126,"Nội dung tài liệu phân tích các vấn đề liên quan đến Biochemical oxygen demand and nutrient processing in a novel multi-stage raw municipal wastewater and acid mine drainage passive co-treatment system , đồng thời đề xuất các hướng ứng dụng trong trí tuệ nhân tạo. Nội dung được xây dựng dựa trên việc hệ thống hóa kiến thức chuyên ngành kết hợp với các ví dụ minh họa thực tế. Nội dung tài liệu hỗ trợ người đọc tiếp cận các xu hướng nghiên cứu và ứng dụng hiện đại trong môi trường học thuật.",/static/uploads/files/D202.pdf,/static/uploads/images/pdf.jpg,Article,active
D203,Synthetic musk emissions from wastewater aeration basins /Nabin Upadhyay and others,,2025,From p.111-118,"Nội dung tài liệu phân tích các vấn đề liên quan đến Synthetic musk emissions from wastewater aeration basins , đồng thời đề xuất các hướng ứng dụng trong lĩnh vực nghiên cứu chuyên ngành. Tài liệu sử dụng phương pháp phân tích và tổng hợp tài liệu nhằm làm rõ các khái niệm, nguyên lý và kỹ thuật liên quan. Nghiên cứu góp phần cung cấp nền tảng kiến thức phục vụ cho việc học tập và phát triển chuyên môn.",/static/uploads/files/D203.pdf,/static/uploads/images/pdf.jpg,Article,active
D204,Investigating synergism during sequential inactivation of MS-2 phage and Bacillus subtilis spores with UV/H 2 O 2 followed by free chlorine /Min Cho and others,,2025,From p.103-110,"Tài liệu tập trung nghiên cứu về Investigating synergism during sequential inactivation of MS-2 phage and Bacillus subtilis spores with UV, trình bày các cơ sở lý thuyết và phương pháp tiếp cận trong lĩnh vực lĩnh vực nghiên cứu chuyên ngành. Nội dung được xây dựng dựa trên việc hệ thống hóa kiến thức chuyên ngành kết hợp với các ví dụ minh họa thực tế. Kết quả của tài liệu có giá trị tham khảo đối với sinh viên, giảng viên và các nhà nghiên cứu trong lĩnh vực liên quan.",/static/uploads/files/D204.pdf,/static/uploads/images/pdf.jpg,Article,active
D205,"The role of biomass, electron shuttles, and ferrous iron in the kinetics of Geobacter sulfurreducens-mediated ferrihydrite reduction /Luke H. MacDonald, Hee Sun Moon, Peter R. Jaffe",,2025,From p.89-102,"Tài liệu cung cấp cái nhìn tổng quan về The role of biomass, electron shuttles, and ferrous iron in the kinetics of Geobacter sulfurreducens-mediated ferrihydrite reduction , bao gồm các mô hình, kỹ thuật và xu hướng phát triển trong lĩnh vực nghiên cứu chuyên ngành. Tài liệu kết hợp giữa cơ sở học thuật và các tình huống ứng dụng nhằm nâng cao khả năng tiếp cận và triển khai thực tế. Kết quả của tài liệu có giá trị tham khảo đối với sinh viên, giảng viên và các nhà nghiên cứu trong lĩnh vực liên quan.",/static/uploads/files/D205.pdf,/static/uploads/images/pdf.jpg,Article,active
D206,Effect of selected metal ions on the photocatalytic degradation of bog lake water natural organic matter /Luis A. Tercero Espinoza and others,,2025,From p.79-88,"Nội dung tài liệu phân tích các vấn đề liên quan đến Effect of selected metal ions on the photocatalytic degradation of bog lake water natural organic matter , đồng thời đề xuất các hướng ứng dụng trong lĩnh vực nghiên cứu chuyên ngành. Nội dung được xây dựng dựa trên việc hệ thống hóa kiến thức chuyên ngành kết hợp với các ví dụ minh họa thực tế. Tài liệu có thể được sử dụng như nguồn tham khảo trong học tập, nghiên cứu và triển khai các hệ thống thực tế.",/static/uploads/files/D206.pdf,/static/uploads/images/pdf.jpg,Article,active
D207,Surveillance of adenoviruses and noroviruses in European recreational waters /A. Peter Wyn-Jones and others,,2025,From p.65-20,"Tài liệu tập trung nghiên cứu về Surveillance of adenoviruses and noroviruses in European recreational waters , trình bày các cơ sở lý thuyết và phương pháp tiếp cận trong lĩnh vực lĩnh vực nghiên cứu chuyên ngành. Tài liệu sử dụng phương pháp phân tích và tổng hợp tài liệu nhằm làm rõ các khái niệm, nguyên lý và kỹ thuật liên quan. Nghiên cứu góp phần cung cấp nền tảng kiến thức phục vụ cho việc học tập và phát triển chuyên môn.",/static/uploads/files/D207.pdf,/static/uploads/images/pdf.jpg,Article,active
D208,Direct photodegradation of carbamazepine followed by micellar electrokinetic chromatography and mass spectrometry /Daniel Stalter and others,,2025,From p.55-64,"Tài liệu cung cấp cái nhìn tổng quan về Direct photodegradation of carbamazepine followed by micellar electrokinetic chromatography and mass spectrometry , bao gồm các mô hình, kỹ thuật và xu hướng phát triển trong lĩnh vực nghiên cứu chuyên ngành. Nội dung được xây dựng dựa trên việc hệ thống hóa kiến thức chuyên ngành kết hợp với các ví dụ minh họa thực tế. Tài liệu có thể được sử dụng như nguồn tham khảo trong học tập, nghiên cứu và triển khai các hệ thống thực tế.",/static/uploads/files/D208.pdf,/static/uploads/images/pdf.jpg,Article,active
D209,"Inﬂuence of sampling strategies on the monitoring of cyanobacteria in shallow lakes: Lessons from a case study in France /David Pobel, Joel Robin, Jean-Francois Humbert",,2025,From p.45-54,"Nghiên cứu này trình bày các khía cạnh chuyên môn của Inﬂuence of sampling strategies on the monitoring of cyanobacteria in shallow lakes: Lessons from a case study in France , kết hợp giữa nền tảng lý thuyết và ứng dụng thực tiễn trong lĩnh vực nghiên cứu chuyên ngành. Nghiên cứu áp dụng các mô hình và phương pháp đánh giá phổ biến nhằm phân tích hiệu quả của các giải pháp được đề cập. Nội dung tài liệu hỗ trợ người đọc tiếp cận các xu hướng nghiên cứu và ứng dụng hiện đại trong môi trường học thuật.",/static/uploads/files/D209.pdf,/static/uploads/images/pdf.jpg,Article,active
D210,Feature selection methods for characterizing and classifying adaptive Sustainable Flood Retention Basins /Qinli Yang and others,,2025,From p.33-44,"Nội dung tài liệu phân tích các vấn đề liên quan đến Feature selection methods for characterizing and classifying adaptive Sustainable Flood Retention Basins , đồng thời đề xuất các hướng ứng dụng trong trí tuệ nhân tạo. Tài liệu sử dụng phương pháp phân tích và tổng hợp tài liệu nhằm làm rõ các khái niệm, nguyên lý và kỹ thuật liên quan. Tài liệu có thể được sử dụng như nguồn tham khảo trong học tập, nghiên cứu và triển khai các hệ thống thực tế.",/static/uploads/files/D210.pdf,/static/uploads/images/pdf.jpg,Article,active
D211,A combined approach for a better understanding of wastewater treatment plants operation: Statistical analysis of monitoring /A.C. Avella and others,,2025,From p.21-32,"Tài liệu tập trung nghiên cứu về A combined approach for a better understanding of wastewater treatment plants operation: Statistical analysis of monitoring , trình bày các cơ sở lý thuyết và phương pháp tiếp cận trong lĩnh vực lĩnh vực nghiên cứu chuyên ngành. Nội dung được xây dựng dựa trên việc hệ thống hóa kiến thức chuyên ngành kết hợp với các ví dụ minh họa thực tế. Kết quả của tài liệu có giá trị tham khảo đối với sinh viên, giảng viên và các nhà nghiên cứu trong lĩnh vực liên quan.",/static/uploads/files/D211.pdf,/static/uploads/images/pdf.jpg,Article,active
D212,"Assessing the public health risk of microbial intrusion events in distribution systems: Conceptual model, available data /Marie-Claude Besner, Michele Prevost, Stig Regli",,2025,From p.2-20,"Tài liệu tập trung nghiên cứu về Assessing the public health risk of microbial intrusion events in distribution systems: Conceptual model, available data , trình bày các cơ sở lý thuyết và phương pháp tiếp cận trong lĩnh vực trí tuệ nhân tạo. Nội dung được xây dựng dựa trên việc hệ thống hóa kiến thức chuyên ngành kết hợp với các ví dụ minh họa thực tế. Tài liệu có thể được sử dụng như nguồn tham khảo trong học tập, nghiên cứu và triển khai các hệ thống thực tế.",/static/uploads/files/D212.pdf,/static/uploads/images/pdf.jpg,Article,active
D213,ADM1 calibration using BMP tests for modeling the effect of autohydrolysis pretreatment on the performance of continuous /Theo S.O. Souza and others,,2025,From p.325-335,"Nội dung tài liệu phân tích các vấn đề liên quan đến ADM1 calibration using BMP tests for modeling the effect of autohydrolysis pretreatment on the performance of continuous , đồng thời đề xuất các hướng ứng dụng trong lĩnh vực nghiên cứu chuyên ngành. Nghiên cứu áp dụng các mô hình và phương pháp đánh giá phổ biến nhằm phân tích hiệu quả của các giải pháp được đề cập. Tài liệu có thể được sử dụng như nguồn tham khảo trong học tập, nghiên cứu và triển khai các hệ thống thực tế.",/static/uploads/files/D213.pdf,/static/uploads/images/pdf.jpg,Article,active
D214,"Spatio-temporal variability of non-regulated disinfection by-products within a drinking water distribution network /Catherine Mercier Shanks, Jean-Baptiste Serodes, Manuel J. Rodriguez",,2025,From p.312-324,"Tài liệu tập trung nghiên cứu về Spatio-temporal variability of non-regulated disinfection by-products within a drinking water distribution network , trình bày các cơ sở lý thuyết và phương pháp tiếp cận trong lĩnh vực mạng máy tính. Nghiên cứu áp dụng các mô hình và phương pháp đánh giá phổ biến nhằm phân tích hiệu quả của các giải pháp được đề cập. Kết quả của tài liệu có giá trị tham khảo đối với sinh viên, giảng viên và các nhà nghiên cứu trong lĩnh vực liên quan.",/static/uploads/files/D214.pdf,/static/uploads/images/pdf.jpg,Article,active
D215,Oxidation of non-steroidal anti-inflammatory drugs with aqueous permanganate /Tania Rodrıguez-Alvarez and others,,2025,From p.301-311,"Nghiên cứu này trình bày các khía cạnh chuyên môn của Oxidation of non-steroidal anti-inflammatory drugs with aqueous permanganate , kết hợp giữa nền tảng lý thuyết và ứng dụng thực tiễn trong lĩnh vực nghiên cứu chuyên ngành. Tài liệu sử dụng phương pháp phân tích và tổng hợp tài liệu nhằm làm rõ các khái niệm, nguyên lý và kỹ thuật liên quan. Nội dung tài liệu hỗ trợ người đọc tiếp cận các xu hướng nghiên cứu và ứng dụng hiện đại trong môi trường học thuật.",/static/uploads/files/D215.pdf,/static/uploads/images/pdf.jpg,Article,active
D216,"Oxidation by-products formation of microcystin-LR exposed to UV/H2O2: Toward the generative mechanism and biological toxicity /Wansong Zong, Feng Sun, Xiaojing Sun",,2025,From p.292-300,"Tài liệu tập trung nghiên cứu về Oxidation by-products formation of microcystin-LR exposed to UV, trình bày các cơ sở lý thuyết và phương pháp tiếp cận trong lĩnh vực lĩnh vực nghiên cứu chuyên ngành. Nghiên cứu áp dụng các mô hình và phương pháp đánh giá phổ biến nhằm phân tích hiệu quả của các giải pháp được đề cập. Nghiên cứu góp phần cung cấp nền tảng kiến thức phục vụ cho việc học tập và phát triển chuyên môn.",/static/uploads/files/D216.pdf,/static/uploads/images/pdf.jpg,Article,active
D217,Bioavailable and biodegradable dissolved organic nitrogen in activated sludge and trickling filter wastewater treatment plants /Halis Simsek and others,,2025,From p.282-291,"Nghiên cứu này trình bày các khía cạnh chuyên môn của Bioavailable and biodegradable dissolved organic nitrogen in activated sludge and trickling filter wastewater treatment plants , kết hợp giữa nền tảng lý thuyết và ứng dụng thực tiễn trong trí tuệ nhân tạo. Nội dung được xây dựng dựa trên việc hệ thống hóa kiến thức chuyên ngành kết hợp với các ví dụ minh họa thực tế. Tài liệu có thể được sử dụng như nguồn tham khảo trong học tập, nghiên cứu và triển khai các hệ thống thực tế.",/static/uploads/files/D217.pdf,/static/uploads/images/pdf.jpg,Article,active
D218,"Fatty acid content and composition of sediments from Siberian eutrophic water bodies: Implications for biodiesel production /Nadezhda N. Sushchik, Anna Yu Kuchkina, Michail I. Gladyshev",,2025,From p.273-281,"Tài liệu cung cấp cái nhìn tổng quan về Fatty acid content and composition of sediments from Siberian eutrophic water bodies: Implications for biodiesel production , bao gồm các mô hình, kỹ thuật và xu hướng phát triển trong lĩnh vực nghiên cứu chuyên ngành. Tài liệu sử dụng phương pháp phân tích và tổng hợp tài liệu nhằm làm rõ các khái niệm, nguyên lý và kỹ thuật liên quan. Kết quả của tài liệu có giá trị tham khảo đối với sinh viên, giảng viên và các nhà nghiên cứu trong lĩnh vực liên quan.",/static/uploads/files/D218.pdf,/static/uploads/images/pdf.jpg,Article,active
D219,"Cần cấm thuốc lá điện tử, thuốc lá nung nóng",,2025,Tr.193,"Tài liệu cung cấp cái nhìn tổng quan về Cần cấm thuốc lá điện tử, thuốc lá nung nóng, bao gồm các mô hình, kỹ thuật và xu hướng phát triển trong lĩnh vực nghiên cứu chuyên ngành. Nghiên cứu áp dụng các mô hình và phương pháp đánh giá phổ biến nhằm phân tích hiệu quả của các giải pháp được đề cập. Tài liệu có thể được sử dụng như nguồn tham khảo trong học tập, nghiên cứu và triển khai các hệ thống thực tế.",/static/uploads/files/D219.pdf,/static/uploads/images/pdf.jpg,Article,active
D220,"Buýt Hà Nội với vai trò kết nối, gia tăng giá trị cho Thủ đô",,2025,Tr.191-192,"Tài liệu cung cấp cái nhìn tổng quan về Buýt Hà Nội với vai trò kết nối, gia tăng giá trị cho Thủ đô, bao gồm các mô hình, kỹ thuật và xu hướng phát triển trong trí tuệ nhân tạo. Tài liệu kết hợp giữa cơ sở học thuật và các tình huống ứng dụng nhằm nâng cao khả năng tiếp cận và triển khai thực tế. Nội dung tài liệu hỗ trợ người đọc tiếp cận các xu hướng nghiên cứu và ứng dụng hiện đại trong môi trường học thuật.",/static/uploads/files/D220.pdf,/static/uploads/images/pdf.jpg,Article,active
D221,Loại bỏ thuốc lá mới ra khỏi đời sống xã hội,,2025,Tr.189-190,"Nội dung tài liệu phân tích các vấn đề liên quan đến Loại bỏ thuốc lá mới ra khỏi đời sống xã hội, đồng thời đề xuất các hướng ứng dụng trong lĩnh vực nghiên cứu chuyên ngành. Nội dung được xây dựng dựa trên việc hệ thống hóa kiến thức chuyên ngành kết hợp với các ví dụ minh họa thực tế. Tài liệu có thể được sử dụng như nguồn tham khảo trong học tập, nghiên cứu và triển khai các hệ thống thực tế.",/static/uploads/files/D221.pdf,/static/uploads/images/pdf.jpg,Article,active
D222,Cảnh báo ô nhiễm kim loại nặng trong bụi đường giao thông ở Việt Nam,,2025,Tr.187-188,"Tài liệu tập trung nghiên cứu về Cảnh báo ô nhiễm kim loại nặng trong bụi đường giao thông ở Việt Nam, trình bày các cơ sở lý thuyết và phương pháp tiếp cận trong lĩnh vực lĩnh vực nghiên cứu chuyên ngành. Nội dung được xây dựng dựa trên việc hệ thống hóa kiến thức chuyên ngành kết hợp với các ví dụ minh họa thực tế. Nội dung tài liệu hỗ trợ người đọc tiếp cận các xu hướng nghiên cứu và ứng dụng hiện đại trong môi trường học thuật.",/static/uploads/files/D222.pdf,/static/uploads/images/pdf.jpg,Article,active
D223,"Kinh nghiệm quản lý, vận hành, khai thác hệ thống đường sắt cao tốc trên thế giới",,2025,Tr.185-186,"Tài liệu tập trung nghiên cứu về Kinh nghiệm quản lý, vận hành, khai thác hệ thống đường sắt cao tốc trên thế giới, trình bày các cơ sở lý thuyết và phương pháp tiếp cận trong lĩnh vực trí tuệ nhân tạo. Tài liệu sử dụng phương pháp phân tích và tổng hợp tài liệu nhằm làm rõ các khái niệm, nguyên lý và kỹ thuật liên quan. Tài liệu có thể được sử dụng như nguồn tham khảo trong học tập, nghiên cứu và triển khai các hệ thống thực tế.",/static/uploads/files/D223.pdf,/static/uploads/images/pdf.jpg,Article,active
D224,An improved infectivity assay combining cell culture with real-time PCR for rapid quantification of human adenoviruses /Roberto A. Rodrıguez and others,,2025,From p.264-272,"Tài liệu cung cấp cái nhìn tổng quan về An improved infectivity assay combining cell culture with real-time PCR for rapid quantification of human adenoviruses , bao gồm các mô hình, kỹ thuật và xu hướng phát triển trong lĩnh vực nghiên cứu chuyên ngành. Nội dung được xây dựng dựa trên việc hệ thống hóa kiến thức chuyên ngành kết hợp với các ví dụ minh họa thực tế. Nội dung tài liệu hỗ trợ người đọc tiếp cận các xu hướng nghiên cứu và ứng dụng hiện đại trong môi trường học thuật.",/static/uploads/files/D224.pdf,/static/uploads/images/pdf.jpg,Article,active
D225,Ô tô nhập khẩu thế nào trước “cú hích” giảm phí trước bạ lần 4 cho xe lắp ráp trong nước? /An Nhi,,2025,Tr.184,"Nghiên cứu này trình bày các khía cạnh chuyên môn của Ô tô nhập khẩu thế nào trước “cú hích” giảm phí trước bạ lần 4 cho xe lắp ráp trong nước? , kết hợp giữa nền tảng lý thuyết và ứng dụng thực tiễn trong lĩnh vực nghiên cứu chuyên ngành. Nội dung được xây dựng dựa trên việc hệ thống hóa kiến thức chuyên ngành kết hợp với các ví dụ minh họa thực tế. Tài liệu có thể được sử dụng như nguồn tham khảo trong học tập, nghiên cứu và triển khai các hệ thống thực tế.",/static/uploads/files/D225.pdf,/static/uploads/images/pdf.jpg,Article,active
D226,"Giải pháp nâng cao hiệu quả dạy và học thực hành, thực tập xây dựng công trình giao thông /Đỗ Văn Thái, Đỗ Thị Thu Phương",,2025,Tr.181-183,"Tài liệu cung cấp cái nhìn tổng quan về Giải pháp nâng cao hiệu quả dạy và học thực hành, thực tập xây dựng công trình giao thông , bao gồm các mô hình, kỹ thuật và xu hướng phát triển trong lĩnh vực nghiên cứu chuyên ngành. Tài liệu kết hợp giữa cơ sở học thuật và các tình huống ứng dụng nhằm nâng cao khả năng tiếp cận và triển khai thực tế. Nội dung tài liệu hỗ trợ người đọc tiếp cận các xu hướng nghiên cứu và ứng dụng hiện đại trong môi trường học thuật.",/static/uploads/files/D226.pdf,/static/uploads/images/pdf.jpg,Article,active
D227,Mechanisms of simultaneous hydrogen production and estrogenic activity removal from secondary effluent though solar /Wenlong Zhang and others,,2025,From p.254-263,"Tài liệu cung cấp cái nhìn tổng quan về Mechanisms of simultaneous hydrogen production and estrogenic activity removal from secondary effluent though solar , bao gồm các mô hình, kỹ thuật và xu hướng phát triển trong lĩnh vực nghiên cứu chuyên ngành. Nghiên cứu áp dụng các mô hình và phương pháp đánh giá phổ biến nhằm phân tích hiệu quả của các giải pháp được đề cập. Nghiên cứu góp phần cung cấp nền tảng kiến thức phục vụ cho việc học tập và phát triển chuyên môn.",/static/uploads/files/D227.pdf,/static/uploads/images/pdf.jpg,Article,active
D228,"Nâng cao hiệu quả đầu tư xây dựng các công trình giao thông đường bộ trên địa bàn tỉnh Đồng Nai giai đoạn 2025 – 2030 theo hướng bền vững /Võ Tấn Đức, Trần Quang Phú, Võ Công Hậu",,2025,Tr.177-180,"Nội dung tài liệu phân tích các vấn đề liên quan đến Nâng cao hiệu quả đầu tư xây dựng các công trình giao thông đường bộ trên địa bàn tỉnh Đồng Nai giai đoạn 2025 – 2030 theo hướng bền vững , đồng thời đề xuất các hướng ứng dụng trong trí tuệ nhân tạo. Nghiên cứu áp dụng các mô hình và phương pháp đánh giá phổ biến nhằm phân tích hiệu quả của các giải pháp được đề cập. Nghiên cứu góp phần cung cấp nền tảng kiến thức phục vụ cho việc học tập và phát triển chuyên môn.",/static/uploads/files/D228.pdf,/static/uploads/images/pdf.jpg,Article,active
D229,"Định biên nhân sự trong tổ chức – Giải pháp nâng cao chất lượng nguồn nhân lực công chức Thanh tra Bộ Giao thông vận tải /Nguyễn Mạnh Hùng, Cấn Tất Linh",,2025,Tr.173-176,"Tài liệu cung cấp cái nhìn tổng quan về Định biên nhân sự trong tổ chức – Giải pháp nâng cao chất lượng nguồn nhân lực công chức Thanh tra Bộ Giao thông vận tải , bao gồm các mô hình, kỹ thuật và xu hướng phát triển trong lĩnh vực nghiên cứu chuyên ngành. Tài liệu sử dụng phương pháp phân tích và tổng hợp tài liệu nhằm làm rõ các khái niệm, nguyên lý và kỹ thuật liên quan. Nghiên cứu góp phần cung cấp nền tảng kiến thức phục vụ cho việc học tập và phát triển chuyên môn.",/static/uploads/files/D229.pdf,/static/uploads/images/pdf.jpg,Article,active
D230,Pesticide washoff from concrete surfaces: Literature review and a new modeling approach /Yuzhou Luo and others,,2025,From p.244-253,"Tài liệu tập trung nghiên cứu về Pesticide washoff from concrete surfaces: Literature review and a new modeling approach , trình bày các cơ sở lý thuyết và phương pháp tiếp cận trong lĩnh vực lĩnh vực nghiên cứu chuyên ngành. Nghiên cứu áp dụng các mô hình và phương pháp đánh giá phổ biến nhằm phân tích hiệu quả của các giải pháp được đề cập. Nội dung tài liệu hỗ trợ người đọc tiếp cận các xu hướng nghiên cứu và ứng dụng hiện đại trong môi trường học thuật.",/static/uploads/files/D230.pdf,/static/uploads/images/pdf.jpg,Article,active
D231,Nghiên cứu triển khai dự án “Xe xanh cùng bạn đến trường” trong đô thị /Đinh Quang Toàn,,2025,Tr.169-172,"Tài liệu tập trung nghiên cứu về Nghiên cứu triển khai dự án “Xe xanh cùng bạn đến trường” trong đô thị , trình bày các cơ sở lý thuyết và phương pháp tiếp cận trong lĩnh vực trí tuệ nhân tạo. Nội dung được xây dựng dựa trên việc hệ thống hóa kiến thức chuyên ngành kết hợp với các ví dụ minh họa thực tế. Nghiên cứu góp phần cung cấp nền tảng kiến thức phục vụ cho việc học tập và phát triển chuyên môn.",/static/uploads/files/D231.pdf,/static/uploads/images/pdf.jpg,Article,active
D232,"Influences of solid retention time, nitrification and microbial activity on the attenuation of pharmaceuticals and estrogen /Sung Kyu Maeng and others",,2025,From p.232-243,"Tài liệu tập trung nghiên cứu về Influences of solid retention time, nitrification and microbial activity on the attenuation of pharmaceuticals and estrogen , trình bày các cơ sở lý thuyết và phương pháp tiếp cận trong lĩnh vực lĩnh vực nghiên cứu chuyên ngành. Nội dung được xây dựng dựa trên việc hệ thống hóa kiến thức chuyên ngành kết hợp với các ví dụ minh họa thực tế. Tài liệu có thể được sử dụng như nguồn tham khảo trong học tập, nghiên cứu và triển khai các hệ thống thực tế.",/static/uploads/files/D232.pdf,/static/uploads/images/pdf.jpg,Article,active
D233,"Nghiên cứu xây dựng lộ trình hoạt động quản lý và thu phí sử dụng vỉa hè phục vụ mục đích kinh doanh, hướng tới phát triển kinh tế vỉa hè tại Việt Nam /Vũ Trọng Anh, Đinh Trọng Hùng",,2025,Tr.165-168,"Tài liệu cung cấp cái nhìn tổng quan về Nghiên cứu xây dựng lộ trình hoạt động quản lý và thu phí sử dụng vỉa hè phục vụ mục đích kinh doanh, hướng tới phát triển kinh tế vỉa hè tại Việt Nam , bao gồm các mô hình, kỹ thuật và xu hướng phát triển trong lĩnh vực nghiên cứu chuyên ngành. Nội dung được xây dựng dựa trên việc hệ thống hóa kiến thức chuyên ngành kết hợp với các ví dụ minh họa thực tế. Nghiên cứu góp phần cung cấp nền tảng kiến thức phục vụ cho việc học tập và phát triển chuyên môn.",/static/uploads/files/D233.pdf,/static/uploads/images/pdf.jpg,Article,active
D234,"Nghiên cứu giải pháp nâng cao hiệu quả quản lý giao thông hàng hải tại trung tâm VTS: Áp dụng cho khu vực Hải Phòng /Lương Tú Nam, Trương Thị Kim Ngọc",,2025,Tr.161-165,"Nghiên cứu này trình bày các khía cạnh chuyên môn của Nghiên cứu giải pháp nâng cao hiệu quả quản lý giao thông hàng hải tại trung tâm VTS: Áp dụng cho khu vực Hải Phòng , kết hợp giữa nền tảng lý thuyết và ứng dụng thực tiễn trong lĩnh vực nghiên cứu chuyên ngành. Nghiên cứu áp dụng các mô hình và phương pháp đánh giá phổ biến nhằm phân tích hiệu quả của các giải pháp được đề cập. Nghiên cứu góp phần cung cấp nền tảng kiến thức phục vụ cho việc học tập và phát triển chuyên môn.",/static/uploads/files/D234.pdf,/static/uploads/images/pdf.jpg,Article,active
D235,Identifying the key factors contributing to the detention of Vietnam vessels due to non-compliance with solas 74 engine room safety requirements /Dinh Gia Huy,,2025,Tr.158-160,"Tài liệu tập trung nghiên cứu về Identifying the key factors contributing to the detention of Vietnam vessels due to non-compliance with solas 74 engine room safety requirements , trình bày các cơ sở lý thuyết và phương pháp tiếp cận trong lĩnh vực lĩnh vực nghiên cứu chuyên ngành. Nội dung được xây dựng dựa trên việc hệ thống hóa kiến thức chuyên ngành kết hợp với các ví dụ minh họa thực tế. Nghiên cứu góp phần cung cấp nền tảng kiến thức phục vụ cho việc học tập và phát triển chuyên môn.",/static/uploads/files/D235.pdf,/static/uploads/images/pdf.jpg,Article,active
D236,Đánh giá tác động giao thông nhằm chủ động phòng tránh ùn tắc và tai nạn giao thông /Khuất Việt Hùng,,2025,Tr.150-157,"Tài liệu cung cấp cái nhìn tổng quan về Đánh giá tác động giao thông nhằm chủ động phòng tránh ùn tắc và tai nạn giao thông , bao gồm các mô hình, kỹ thuật và xu hướng phát triển trong trí tuệ nhân tạo. Tài liệu sử dụng phương pháp phân tích và tổng hợp tài liệu nhằm làm rõ các khái niệm, nguyên lý và kỹ thuật liên quan. Tài liệu có thể được sử dụng như nguồn tham khảo trong học tập, nghiên cứu và triển khai các hệ thống thực tế.",/static/uploads/files/D236.pdf,/static/uploads/images/pdf.jpg,Article,active
D237,"Nghiên cứu bài toán phát hiện và phân loại phương tiện đường biển từ tín hiệu hình ảnh dựa trên phương pháp học sâu hỗ trợ bảo đảm an toàn hàng hải /Lê Quyết Tiến, Lê Hoàng Dương, Trần Văn Tuyển",,2025,Tr.146-149,"Tài liệu tập trung nghiên cứu về Nghiên cứu bài toán phát hiện và phân loại phương tiện đường biển từ tín hiệu hình ảnh dựa trên phương pháp học sâu hỗ trợ bảo đảm an toàn hàng hải , trình bày các cơ sở lý thuyết và phương pháp tiếp cận trong lĩnh vực lĩnh vực nghiên cứu chuyên ngành. Nội dung được xây dựng dựa trên việc hệ thống hóa kiến thức chuyên ngành kết hợp với các ví dụ minh họa thực tế. Kết quả của tài liệu có giá trị tham khảo đối với sinh viên, giảng viên và các nhà nghiên cứu trong lĩnh vực liên quan.",/static/uploads/files/D237.pdf,/static/uploads/images/pdf.jpg,Article,active
D238,"Giải pháp nâng cao hiệu quả quản lý, sử dụng các trang thiết bị hàng hải trên buồng lái tàu biển /Phạm Văn Luân, Quách Thanh Chung, Nguyễn Văn Quảng",,2025,Tr.143-145,"Tài liệu cung cấp cái nhìn tổng quan về Giải pháp nâng cao hiệu quả quản lý, sử dụng các trang thiết bị hàng hải trên buồng lái tàu biển , bao gồm các mô hình, kỹ thuật và xu hướng phát triển trong lĩnh vực nghiên cứu chuyên ngành. Nghiên cứu áp dụng các mô hình và phương pháp đánh giá phổ biến nhằm phân tích hiệu quả của các giải pháp được đề cập. Tài liệu có thể được sử dụng như nguồn tham khảo trong học tập, nghiên cứu và triển khai các hệ thống thực tế.",/static/uploads/files/D238.pdf,/static/uploads/images/pdf.jpg,Article,active
D239,Nghiên cứu lựa chọn mái dốc luồng vào bến cá Cống Họng – Hải Phòng /Trần Long Giang,,2025,Tr.139-142,"Tài liệu cung cấp cái nhìn tổng quan về Nghiên cứu lựa chọn mái dốc luồng vào bến cá Cống Họng – Hải Phòng , bao gồm các mô hình, kỹ thuật và xu hướng phát triển trong lĩnh vực nghiên cứu chuyên ngành. Nghiên cứu áp dụng các mô hình và phương pháp đánh giá phổ biến nhằm phân tích hiệu quả của các giải pháp được đề cập. Nội dung tài liệu hỗ trợ người đọc tiếp cận các xu hướng nghiên cứu và ứng dụng hiện đại trong môi trường học thuật.",/static/uploads/files/D239.pdf,/static/uploads/images/pdf.jpg,Article,active
D240,"Nghiên cứu năng lực ứng dụng trí tuệ nhân tạo của chủ đầu tư trong việc lựa chọn nhà cung cấp trong các dự án chuỗi cung ứng tại Việt Nam /Nguyễn Văn Tiếp, Nguyễn Thanh Bình, Đỗ Tiến Sỹ",,2025,Tr.135-138,"Nội dung tài liệu phân tích các vấn đề liên quan đến Nghiên cứu năng lực ứng dụng trí tuệ nhân tạo của chủ đầu tư trong việc lựa chọn nhà cung cấp trong các dự án chuỗi cung ứng tại Việt Nam , đồng thời đề xuất các hướng ứng dụng trong lĩnh vực nghiên cứu chuyên ngành. Tài liệu kết hợp giữa cơ sở học thuật và các tình huống ứng dụng nhằm nâng cao khả năng tiếp cận và triển khai thực tế. Tài liệu có thể được sử dụng như nguồn tham khảo trong học tập, nghiên cứu và triển khai các hệ thống thực tế.",/static/uploads/files/D240.pdf,/static/uploads/images/pdf.jpg,Article,active
D241,"Ứng dụng phương pháp tính toán biểu tượng xác định công thức giải tích của phản lực gối đỡ hệ trục tàu thủy /Cao Đức Thiệp, Lê Đình Dũng, Bùi Thị Hằng",,2025,Tr.131-134,"Tài liệu tập trung nghiên cứu về Ứng dụng phương pháp tính toán biểu tượng xác định công thức giải tích của phản lực gối đỡ hệ trục tàu thủy , trình bày các cơ sở lý thuyết và phương pháp tiếp cận trong lĩnh vực lĩnh vực nghiên cứu chuyên ngành. Nghiên cứu áp dụng các mô hình và phương pháp đánh giá phổ biến nhằm phân tích hiệu quả của các giải pháp được đề cập. Kết quả của tài liệu có giá trị tham khảo đối với sinh viên, giảng viên và các nhà nghiên cứu trong lĩnh vực liên quan.",/static/uploads/files/D241.pdf,/static/uploads/images/pdf.jpg,Article,active
D242,Nghiên cứu phát triển mô hình động học cho robot dẫn động vi sai /Vũ Xuân Hậu,,2025,Tr.128-130,"Tài liệu tập trung nghiên cứu về Nghiên cứu phát triển mô hình động học cho robot dẫn động vi sai , trình bày các cơ sở lý thuyết và phương pháp tiếp cận trong lĩnh vực trí tuệ nhân tạo. Nghiên cứu áp dụng các mô hình và phương pháp đánh giá phổ biến nhằm phân tích hiệu quả của các giải pháp được đề cập. Nội dung tài liệu hỗ trợ người đọc tiếp cận các xu hướng nghiên cứu và ứng dụng hiện đại trong môi trường học thuật.",/static/uploads/files/D242.pdf,/static/uploads/images/pdf.jpg,Article,active
D243,"Developing a labview-based software for vital signals monitoring /Lê Đăng Khanh, Lê Văn Diễm",,2025,Tr.124-127,"Nghiên cứu này trình bày các khía cạnh chuyên môn của Developing a labview-based software for vital signals monitoring , kết hợp giữa nền tảng lý thuyết và ứng dụng thực tiễn trong xử lý tín hiệu. Nghiên cứu áp dụng các mô hình và phương pháp đánh giá phổ biến nhằm phân tích hiệu quả của các giải pháp được đề cập. Nội dung tài liệu hỗ trợ người đọc tiếp cận các xu hướng nghiên cứu và ứng dụng hiện đại trong môi trường học thuật.",/static/uploads/files/D243.pdf,/static/uploads/images/pdf.jpg,Article,active
D244,Nghiên cứu tính toán dây neo phao có vật treo bằng phương pháp phần tử hữu hạn /Đào Văn Tuấn,,2025,Tr.120-123,"Tài liệu tập trung nghiên cứu về Nghiên cứu tính toán dây neo phao có vật treo bằng phương pháp phần tử hữu hạn , trình bày các cơ sở lý thuyết và phương pháp tiếp cận trong lĩnh vực lĩnh vực nghiên cứu chuyên ngành. Tài liệu kết hợp giữa cơ sở học thuật và các tình huống ứng dụng nhằm nâng cao khả năng tiếp cận và triển khai thực tế. Nội dung tài liệu hỗ trợ người đọc tiếp cận các xu hướng nghiên cứu và ứng dụng hiện đại trong môi trường học thuật.",/static/uploads/files/D244.pdf,/static/uploads/images/pdf.jpg,Article,active
D245,"Ứng dụng UAV trong công tác kiểm tra và phát hiện hư hại của cầu đường bộ /Phạm Trung Minh, Nguyễn Cảnh Toàn",,2025,Tr.117-119,"Tài liệu tập trung nghiên cứu về Ứng dụng UAV trong công tác kiểm tra và phát hiện hư hại của cầu đường bộ , trình bày các cơ sở lý thuyết và phương pháp tiếp cận trong lĩnh vực lĩnh vực nghiên cứu chuyên ngành. Tài liệu sử dụng phương pháp phân tích và tổng hợp tài liệu nhằm làm rõ các khái niệm, nguyên lý và kỹ thuật liên quan. Tài liệu có thể được sử dụng như nguồn tham khảo trong học tập, nghiên cứu và triển khai các hệ thống thực tế.",/static/uploads/files/D245.pdf,/static/uploads/images/pdf.jpg,Article,active
D246,Nghiên cứu triển khai các giải pháp đảm bảo an toàn chạy tàu tận dụng lớp bùn loãng tại luồng ra/vào Trung tâm Điện lực Duyên Hải /Mai Bá Lĩnh,,2025,Tr.114-116,"Tài liệu cung cấp cái nhìn tổng quan về Nghiên cứu triển khai các giải pháp đảm bảo an toàn chạy tàu tận dụng lớp bùn loãng tại luồng ra, bao gồm các mô hình, kỹ thuật và xu hướng phát triển trong trí tuệ nhân tạo. Nghiên cứu áp dụng các mô hình và phương pháp đánh giá phổ biến nhằm phân tích hiệu quả của các giải pháp được đề cập. Nghiên cứu góp phần cung cấp nền tảng kiến thức phục vụ cho việc học tập và phát triển chuyên môn.",/static/uploads/files/D246.pdf,/static/uploads/images/pdf.jpg,Article,active
D247,Phân tích lực cắt trong quá trình gia công rãnh vi mô bằng phương pháp phần tử hữu hạn /Trần Ánh Viên,,2025,Tr.110-113,"Tài liệu cung cấp cái nhìn tổng quan về Phân tích lực cắt trong quá trình gia công rãnh vi mô bằng phương pháp phần tử hữu hạn , bao gồm các mô hình, kỹ thuật và xu hướng phát triển trong lĩnh vực nghiên cứu chuyên ngành. Tài liệu kết hợp giữa cơ sở học thuật và các tình huống ứng dụng nhằm nâng cao khả năng tiếp cận và triển khai thực tế. Nội dung tài liệu hỗ trợ người đọc tiếp cận các xu hướng nghiên cứu và ứng dụng hiện đại trong môi trường học thuật.",/static/uploads/files/D247.pdf,/static/uploads/images/pdf.jpg,Article,active
D248,"Nghiên cứu thuật toán và xây dựng chương trình dựng bản vẽ 3D chong chóng tàu thủy /Nguyễn Văn Quyết, Vũ Văn Tuyển",,2025,Tr.107-,"Nội dung tài liệu phân tích các vấn đề liên quan đến Nghiên cứu thuật toán và xây dựng chương trình dựng bản vẽ 3D chong chóng tàu thủy , đồng thời đề xuất các hướng ứng dụng trong lĩnh vực nghiên cứu chuyên ngành. Tài liệu sử dụng phương pháp phân tích và tổng hợp tài liệu nhằm làm rõ các khái niệm, nguyên lý và kỹ thuật liên quan. Nghiên cứu góp phần cung cấp nền tảng kiến thức phục vụ cho việc học tập và phát triển chuyên môn.",/static/uploads/files/D248.pdf,/static/uploads/images/pdf.jpg,Article,active
D249,"Tính toán thiết kế và kiểm bền chi tiết dầm chính cổng trục đẩy tay tải trọng một tấn bằng phương pháp phần tử hữu hạn /Lê Huỳnh Đức, Nguyễn Đình Minh Quân, Nguyễn Ngọc Nhật",,2025,Tr.103-106,"Tài liệu cung cấp cái nhìn tổng quan về Tính toán thiết kế và kiểm bền chi tiết dầm chính cổng trục đẩy tay tải trọng một tấn bằng phương pháp phần tử hữu hạn , bao gồm các mô hình, kỹ thuật và xu hướng phát triển trong lĩnh vực nghiên cứu chuyên ngành. Tài liệu sử dụng phương pháp phân tích và tổng hợp tài liệu nhằm làm rõ các khái niệm, nguyên lý và kỹ thuật liên quan. Nội dung tài liệu hỗ trợ người đọc tiếp cận các xu hướng nghiên cứu và ứng dụng hiện đại trong môi trường học thuật.",/static/uploads/files/D249.pdf,/static/uploads/images/pdf.jpg,Article,active
D250,Trường Cao đẳng GTVT Trung ương I - địa chỉ đào tạo nghề chất lượng cao /Bảo Châu,,2025,Tr.149-150,"Tài liệu tập trung nghiên cứu về Trường Cao đẳng GTVT Trung ương I - địa chỉ đào tạo nghề chất lượng cao , trình bày các cơ sở lý thuyết và phương pháp tiếp cận trong lĩnh vực lĩnh vực nghiên cứu chuyên ngành. Nội dung được xây dựng dựa trên việc hệ thống hóa kiến thức chuyên ngành kết hợp với các ví dụ minh họa thực tế. Nội dung tài liệu hỗ trợ người đọc tiếp cận các xu hướng nghiên cứu và ứng dụng hiện đại trong môi trường học thuật.",/static/uploads/files/D250.pdf,/static/uploads/images/pdf.jpg,Article,active
D41,"Practical centrifugal pumps :Design, operation and maintenance /Paresh Girdhar, Octo Moniz",,2005,250 p. :ill.,"Nội dung tài liệu phân tích các vấn đề liên quan đến Practical centrifugal pumps: Design, operation and maintenance , đồng thời đề xuất các hướng ứng dụng trong trí tuệ nhân tạo. Nghiên cứu áp dụng các mô hình và phương pháp đánh giá phổ biến nhằm phân tích hiệu quả của các giải pháp được đề cập. Kết quả của tài liệu có giá trị tham khảo đối với sinh viên, giảng viên và các nhà nghiên cứu trong lĩnh vực liên quan.",/static/uploads/files/D41.pdf,/static/uploads/images/D41.jpg,Book,active
D35,"Cognitive computing and big data analytics /Judith Hurwitz, Marcia Kaufman, Adrian Bowles",,2015,"xxi, 266 pages :illustrations ;24 cm","Tài liệu tập trung nghiên cứu về Cognitive computing and big data analytics , trình bày các cơ sở lý thuyết và phương pháp tiếp cận trong lĩnh vực lĩnh vực nghiên cứu chuyên ngành. Nội dung được xây dựng dựa trên việc hệ thống hóa kiến thức chuyên ngành kết hợp với các ví dụ minh họa thực tế. Nội dung tài liệu hỗ trợ người đọc tiếp cận các xu hướng nghiên cứu và ứng dụng hiện đại trong môi trường học thuật.",/static/uploads/files/D35.pdf,/static/uploads/images/D35.jpg,Book,active
D251,Bài giảng: Nhập môn lập trình /Lê Thị Bích Hằng,,2016,116 tr,"Nhập môn lập trình là môn học cung cấp những kiến thức cơ bản về cách xây dựng chương trình máy tính và tư duy giải quyết vấn đề bằng lập trình. Trong môn học này, sinh viên được làm quen với các khái niệm nền tảng như thuật toán, ngôn ngữ lập trình, biến, kiểu dữ liệu, toán tử và cấu trúc điều khiển.

Bài giảng thường bắt đầu bằng việc giới thiệu quy trình giải quyết bài toán trên máy tính, bao gồm phân tích yêu cầu, xây dựng thuật toán, viết mã nguồn và kiểm thử chương trình. Sinh viên được học cách biểu diễn thuật toán bằng lưu đồ hoặc giả mã trước khi chuyển sang code thực tế.

Ngoài ra, môn học còn giới thiệu các cấu trúc lập trình cơ bản như:

Cấu trúc tuần tự
Cấu trúc rẽ nhánh (if, switch)
Cấu trúc lặp (for, while, do-while)

Bên cạnh đó, người học được tìm hiểu về hàm, mảng, chuỗi ký tự và cách tổ chức chương trình một cách khoa học. Một số bài giảng còn đề cập đến khái niệm lập trình hướng đối tượng ở mức cơ bản.

Thông qua môn học, sinh viên rèn luyện khả năng tư duy logic, kỹ năng phân tích vấn đề và xây dựng chương trình để giải quyết các bài toán thực tế. Đây là nền tảng quan trọng cho các môn học chuyên ngành công nghệ thông tin và phát triển phần mềm sau này.",/static/uploads/files/a8dfdf48f42e41ce96b231d1633976eb.pdf,/static/uploads/images/23f05a9f392e4c0eb516b2680e1f96b7.jpg,Book,active
D252,Nhập môn công nghệ phần mềm /Lê Thị Bích Hằng,,2018,173 tr,"Công nghệ phần mềm là lĩnh vực nghiên cứu các phương pháp, quy trình và công cụ nhằm phát triển phần mềm một cách hiệu quả, chất lượng và dễ bảo trì. Tài liệu công nghệ phần mềm thường tập trung vào toàn bộ vòng đời phát triển phần mềm, từ giai đoạn khảo sát yêu cầu đến bảo trì hệ thống sau khi triển khai.

Nội dung tài liệu giới thiệu các mô hình phát triển phần mềm phổ biến như mô hình thác nước (Waterfall), mô hình xoắn ốc (Spiral), Agile và Scrum. Mỗi mô hình có đặc điểm riêng phù hợp với từng loại dự án và yêu cầu khác nhau.

Ngoài ra, tài liệu còn trình bày các giai đoạn chính trong quy trình phát triển phần mềm gồm:

Phân tích yêu cầu
Thiết kế hệ thống
Lập trình
Kiểm thử phần mềm
Triển khai và bảo trì

Bên cạnh đó, người học được tìm hiểu về cách xây dựng tài liệu đặc tả, thiết kế cơ sở dữ liệu, thiết kế giao diện và quản lý dự án phần mềm. Một số nội dung còn đề cập đến kiểm thử phần mềm, quản lý lỗi, đảm bảo chất lượng và bảo mật hệ thống.

Thông qua môn học, sinh viên hiểu được quy trình xây dựng một hệ thống phần mềm hoàn chỉnh, nâng cao kỹ năng làm việc nhóm, quản lý dự án và phát triển các ứng dụng đáp ứng nhu cầu thực tế. Đây là môn học nền tảng quan trọng đối với sinh viên ngành công nghệ thông tin và kỹ thuật phần mềm.",/static/uploads/files/f9c7f394ba9e45708e01ee3876213b18.pdf,/static/uploads/images/693d18450bb94de697e802b9b3e87425.jpg,Book,active
D40,"Solvent effects in chemistry /Erwin Buncel, Robert A. Stairs",,2016,"xi, 227 pages :illustrations ;25 cm","Tài liệu tập trung nghiên cứu về Solvent effects in chemistry , trình bày các cơ sở lý thuyết và phương pháp tiếp cận trong lĩnh vực lĩnh vực nghiên cứu chuyên ngành. Nội dung được xây dựng dựa trên việc hệ thống hóa kiến thức chuyên ngành kết hợp với các ví dụ minh họa thực tế. Nghiên cứu góp phần cung cấp nền tảng kiến thức phục vụ cho việc học tập và phát triển chuyên môn.",/static/uploads/files/D40.pdf,/static/uploads/images/D40.jpg,Book,active
D42,Stochastic processes and models /David Stirzaker,,2005,"vi, 331 p. :ill. ;25 cm","Nội dung tài liệu phân tích các vấn đề liên quan đến Stochastic processes and models , đồng thời đề xuất các hướng ứng dụng trong lĩnh vực nghiên cứu chuyên ngành. Nội dung được xây dựng dựa trên việc hệ thống hóa kiến thức chuyên ngành kết hợp với các ví dụ minh họa thực tế. Kết quả của tài liệu có giá trị tham khảo đối với sinh viên, giảng viên và các nhà nghiên cứu trong lĩnh vực liên quan.",/static/uploads/files/D42.pdf,/static/uploads/images/D42.jpg,Book,active
D39,Being right or making money /Ned Davis,,2014,"xvii, 231 pages :ill. ;23 cm","Tài liệu cung cấp cái nhìn tổng quan về Being right or making money , bao gồm các mô hình, kỹ thuật và xu hướng phát triển trong lĩnh vực nghiên cứu chuyên ngành. Tài liệu kết hợp giữa cơ sở học thuật và các tình huống ứng dụng nhằm nâng cao khả năng tiếp cận và triển khai thực tế. Nghiên cứu góp phần cung cấp nền tảng kiến thức phục vụ cho việc học tập và phát triển chuyên môn.",/static/uploads/files/D39.pdf,/static/uploads/images/D39.jpg,Book,active
D45,Logistics and supply chain integration /Ian Sadler,,2007,"xxii, 259 p. :ill. ;25 cm","Nội dung tài liệu phân tích các vấn đề liên quan đến Logistics and supply chain integration , đồng thời đề xuất các hướng ứng dụng trong trí tuệ nhân tạo. Tài liệu kết hợp giữa cơ sở học thuật và các tình huống ứng dụng nhằm nâng cao khả năng tiếp cận và triển khai thực tế. Nghiên cứu góp phần cung cấp nền tảng kiến thức phục vụ cho việc học tập và phát triển chuyên môn.",/static/uploads/files/D45.pdf,/static/uploads/images/D45.jpg,Book,active
D36,Big data MBA :Driving business strategies with data science /Bill Schmarzo,,2016,"xxvii, 283 pages :illustrations ;23 cm","Tài liệu tập trung nghiên cứu về Big data MBA: Driving business strategies with data science , trình bày các cơ sở lý thuyết và phương pháp tiếp cận trong lĩnh vực lĩnh vực nghiên cứu chuyên ngành. Nội dung được xây dựng dựa trên việc hệ thống hóa kiến thức chuyên ngành kết hợp với các ví dụ minh họa thực tế. Kết quả của tài liệu có giá trị tham khảo đối với sinh viên, giảng viên và các nhà nghiên cứu trong lĩnh vực liên quan.",/static/uploads/files/D36.pdf,/static/uploads/images/D36.jpg,Book,active
D46,"Information technology investment :Decision-making methodology /Marc J. Schniederjans, Jamie L. Hamaker, Ashlyn M. Schniederjans",,2004,"xxvi, 389 p. :ill. ;24 cm","Nghiên cứu này trình bày các khía cạnh chuyên môn của Information technology investment: Decision-making methodology , kết hợp giữa nền tảng lý thuyết và ứng dụng thực tiễn trong lĩnh vực nghiên cứu chuyên ngành. Nghiên cứu áp dụng các mô hình và phương pháp đánh giá phổ biến nhằm phân tích hiệu quả của các giải pháp được đề cập. Nghiên cứu góp phần cung cấp nền tảng kiến thức phục vụ cho việc học tập và phát triển chuyên môn.",/static/uploads/files/D46.pdf,/static/uploads/images/D46.jpg,Book,active
D13,Writing securities research :A best practice guide /Jeremy Bolland,,2010,"xlviii, 300 p. :ill. ;24 cm","Tài liệu tập trung nghiên cứu về Writing securities research: A best practice guide , trình bày các cơ sở lý thuyết và phương pháp tiếp cận trong lĩnh vực lĩnh vực nghiên cứu chuyên ngành. Tài liệu sử dụng phương pháp phân tích và tổng hợp tài liệu nhằm làm rõ các khái niệm, nguyên lý và kỹ thuật liên quan. Kết quả của tài liệu có giá trị tham khảo đối với sinh viên, giảng viên và các nhà nghiên cứu trong lĩnh vực liên quan.",/static/uploads/files/D13.pdf,/static/uploads/images/D13.jpg,Book,active
D14,The truth about testing :An educator's call to action /W. James Popham,,2001,"iv, 167 p. ;24 cm","Nghiên cứu này trình bày các khía cạnh chuyên môn của The truth about testing: An educator's call to action , kết hợp giữa nền tảng lý thuyết và ứng dụng thực tiễn trong lĩnh vực nghiên cứu chuyên ngành. Tài liệu kết hợp giữa cơ sở học thuật và các tình huống ứng dụng nhằm nâng cao khả năng tiếp cận và triển khai thực tế. Nội dung tài liệu hỗ trợ người đọc tiếp cận các xu hướng nghiên cứu và ứng dụng hiện đại trong môi trường học thuật.",/static/uploads/files/D14.pdf,/static/uploads/images/D14.jpg,Book,active
D15,"Strategic global sourcing best practices /Fred Sollish, John Semanik",,2011,"x, 229 p. :ill. ;24 cm","Tài liệu tập trung nghiên cứu về Strategic global sourcing best practices , trình bày các cơ sở lý thuyết và phương pháp tiếp cận trong lĩnh vực lĩnh vực nghiên cứu chuyên ngành. Nội dung được xây dựng dựa trên việc hệ thống hóa kiến thức chuyên ngành kết hợp với các ví dụ minh họa thực tế. Tài liệu có thể được sử dụng như nguồn tham khảo trong học tập, nghiên cứu và triển khai các hệ thống thực tế.",/static/uploads/files/D15.pdf,/static/uploads/images/D15.jpg,Book,active
D16,"Spend analysis :The window into strategic sourcing /Kirit Pandit, H. Marmanis",,2008,"xxi, 249 p. :ill. ;24 cm","Nội dung tài liệu phân tích các vấn đề liên quan đến Spend analysis: The window into strategic sourcing , đồng thời đề xuất các hướng ứng dụng trong lĩnh vực nghiên cứu chuyên ngành. Nội dung được xây dựng dựa trên việc hệ thống hóa kiến thức chuyên ngành kết hợp với các ví dụ minh họa thực tế. Kết quả của tài liệu có giá trị tham khảo đối với sinh viên, giảng viên và các nhà nghiên cứu trong lĩnh vực liên quan.",/static/uploads/files/D16.pdf,/static/uploads/images/D16.jpg,Book,active
D17,"Promoting property :Insight, experience and best practice /edited by Penny Norton and Liz Male",,2020,214 p.,"Nghiên cứu này trình bày các khía cạnh chuyên môn của Promoting property: Insight, experience and best practice , kết hợp giữa nền tảng lý thuyết và ứng dụng thực tiễn trong lĩnh vực nghiên cứu chuyên ngành. Nghiên cứu áp dụng các mô hình và phương pháp đánh giá phổ biến nhằm phân tích hiệu quả của các giải pháp được đề cập. Nghiên cứu góp phần cung cấp nền tảng kiến thức phục vụ cho việc học tập và phát triển chuyên môn.",/static/uploads/files/D17.pdf,/static/uploads/images/D17.jpg,Book,active
D18,"Smart manufacturing innovation and transformation :Interconnection and intelligence /Zongwei Luo, editor",,2014,"xxv, 407 pages ;29 cm","Tài liệu tập trung nghiên cứu về Smart manufacturing innovation and transformation: Interconnection and intelligence , trình bày các cơ sở lý thuyết và phương pháp tiếp cận trong lĩnh vực lĩnh vực nghiên cứu chuyên ngành. Nội dung được xây dựng dựa trên việc hệ thống hóa kiến thức chuyên ngành kết hợp với các ví dụ minh họa thực tế. Nghiên cứu góp phần cung cấp nền tảng kiến thức phục vụ cho việc học tập và phát triển chuyên môn.",/static/uploads/files/D18.pdf,/static/uploads/images/D18.jpg,Book,active
D19,"Inclusive education :International policy and practice /Ann Cheryl Armstrong, Derrick Armstrong, Ilektra Spandagou",,2010,"xiii, 162 p. :ill. ;24 cm","Nghiên cứu này trình bày các khía cạnh chuyên môn của Inclusive education: International policy and practice , kết hợp giữa nền tảng lý thuyết và ứng dụng thực tiễn trong giáo dục. Nội dung được xây dựng dựa trên việc hệ thống hóa kiến thức chuyên ngành kết hợp với các ví dụ minh họa thực tế. Nghiên cứu góp phần cung cấp nền tảng kiến thức phục vụ cho việc học tập và phát triển chuyên môn.",/static/uploads/files/D19.pdf,/static/uploads/images/D19.jpg,Book,active
D20,Current best practice in interventional cardiology /edited by Bernhard Meier,,2010,"x, 219 p. :ill. ;26 cm","Tài liệu tập trung nghiên cứu về Current best practice in interventional cardiology , trình bày các cơ sở lý thuyết và phương pháp tiếp cận trong lĩnh vực lĩnh vực nghiên cứu chuyên ngành. Tài liệu sử dụng phương pháp phân tích và tổng hợp tài liệu nhằm làm rõ các khái niệm, nguyên lý và kỹ thuật liên quan. Kết quả của tài liệu có giá trị tham khảo đối với sinh viên, giảng viên và các nhà nghiên cứu trong lĩnh vực liên quan.",/static/uploads/files/D20.pdf,/static/uploads/images/D20.jpg,Book,active
D21,The geography of money /Benjamin J. Cohen,,1998,"xv, 229 p. ;24 cm","Nghiên cứu này trình bày các khía cạnh chuyên môn của The geography of money , kết hợp giữa nền tảng lý thuyết và ứng dụng thực tiễn trong lĩnh vực nghiên cứu chuyên ngành. Tài liệu sử dụng phương pháp phân tích và tổng hợp tài liệu nhằm làm rõ các khái niệm, nguyên lý và kỹ thuật liên quan. Nghiên cứu góp phần cung cấp nền tảng kiến thức phục vụ cho việc học tập và phát triển chuyên môn.",/static/uploads/files/D21.pdf,/static/uploads/images/D21.jpg,Book,active
D22,"The big data-driven business :How to use big data to win customers, beat competitors, and boost profits /Russell Glass, Sean Callahan",,2014,214 p.,"Nghiên cứu này trình bày các khía cạnh chuyên môn của The big data-driven business: How to use big data to win customers, beat competitors, and boost profits , kết hợp giữa nền tảng lý thuyết và ứng dụng thực tiễn trong lĩnh vực nghiên cứu chuyên ngành. Tài liệu kết hợp giữa cơ sở học thuật và các tình huống ứng dụng nhằm nâng cao khả năng tiếp cận và triển khai thực tế. Tài liệu có thể được sử dụng như nguồn tham khảo trong học tập, nghiên cứu và triển khai các hệ thống thực tế.",/static/uploads/files/D22.pdf,/static/uploads/images/D22.jpg,Book,active
D23,A guide to chalcogen-nitrogen chemistry /Tristram Chivers,,2005,"xix, 318 p. :ill. ;24 cm","Nghiên cứu này trình bày các khía cạnh chuyên môn của A guide to chalcogen-nitrogen chemistry , kết hợp giữa nền tảng lý thuyết và ứng dụng thực tiễn trong lĩnh vực nghiên cứu chuyên ngành. Nghiên cứu áp dụng các mô hình và phương pháp đánh giá phổ biến nhằm phân tích hiệu quả của các giải pháp được đề cập. Nghiên cứu góp phần cung cấp nền tảng kiến thức phục vụ cho việc học tập và phát triển chuyên môn.",/static/uploads/files/D23.pdf,/static/uploads/images/D23.jpg,Book,active
D24,Blaming the brain :The truth about drugs and mental health /Elliot S. Valenstein,,1988,"xi, 292 p. :ill. ;24 cm","Nội dung tài liệu phân tích các vấn đề liên quan đến Blaming the brain: The truth about drugs and mental health , đồng thời đề xuất các hướng ứng dụng trong trí tuệ nhân tạo. Nghiên cứu áp dụng các mô hình và phương pháp đánh giá phổ biến nhằm phân tích hiệu quả của các giải pháp được đề cập. Tài liệu có thể được sử dụng như nguồn tham khảo trong học tập, nghiên cứu và triển khai các hệ thống thực tế.",/static/uploads/files/D24.pdf,/static/uploads/images/D24.jpg,Book,active
D34,Trading futures for dummies /Joe Duarte,,2008,"xviii, 364 p. :ill. ;24 cm","Tài liệu tập trung nghiên cứu về Trading futures for dummies , trình bày các cơ sở lý thuyết và phương pháp tiếp cận trong lĩnh vực lĩnh vực nghiên cứu chuyên ngành. Nội dung được xây dựng dựa trên việc hệ thống hóa kiến thức chuyên ngành kết hợp với các ví dụ minh họa thực tế. Nội dung tài liệu hỗ trợ người đọc tiếp cận các xu hướng nghiên cứu và ứng dụng hiện đại trong môi trường học thuật.",/static/uploads/files/D34.pdf,/static/uploads/images/D34.jpg,Book,active
D43,"Managing risk of supply chain disruptions /Tong Shu, Shou Chen, Kin Keung Lai, Xizheng Zhang, and Shouyang Wang",,2014,199 p. ;24 cm,"Nghiên cứu này trình bày các khía cạnh chuyên môn của Managing risk of supply chain disruptions , kết hợp giữa nền tảng lý thuyết và ứng dụng thực tiễn trong trí tuệ nhân tạo. Tài liệu sử dụng phương pháp phân tích và tổng hợp tài liệu nhằm làm rõ các khái niệm, nguyên lý và kỹ thuật liên quan. Nghiên cứu góp phần cung cấp nền tảng kiến thức phục vụ cho việc học tập và phát triển chuyên môn.",/static/uploads/files/D43.pdf,/static/uploads/images/D43.jpg,Book,active
D44,Professional ethics for the construction industry /Rebecca Mirsky and John Schaufelberger,,2015,"x, 140 pages :illustrations ;24 cm","Nội dung tài liệu phân tích các vấn đề liên quan đến Professional ethics for the construction industry , đồng thời đề xuất các hướng ứng dụng trong lĩnh vực nghiên cứu chuyên ngành. Nội dung được xây dựng dựa trên việc hệ thống hóa kiến thức chuyên ngành kết hợp với các ví dụ minh họa thực tế. Kết quả của tài liệu có giá trị tham khảo đối với sinh viên, giảng viên và các nhà nghiên cứu trong lĩnh vực liên quan.",/static/uploads/files/D44.pdf,/static/uploads/images/D44.jpg,Book,active
D25,The truth about managing people ... and nothing but the truth /Stephen P. Robbins,,2003,211 p.,"Nội dung tài liệu phân tích các vấn đề liên quan đến The truth about managing people ... and nothing but the truth , đồng thời đề xuất các hướng ứng dụng trong lĩnh vực nghiên cứu chuyên ngành. Nội dung được xây dựng dựa trên việc hệ thống hóa kiến thức chuyên ngành kết hợp với các ví dụ minh họa thực tế. Nghiên cứu góp phần cung cấp nền tảng kiến thức phục vụ cho việc học tập và phát triển chuyên môn.",/static/uploads/files/D25.pdf,/static/uploads/images/D25.jpg,Book,active
D26,Attacking currency trends :How to anticipate and trade big moves in the forex market /Greg Michalowski,,2011,"xi, 287 p. :ill. ;24 cm","Nội dung tài liệu phân tích các vấn đề liên quan đến Attacking currency trends: How to anticipate and trade big moves in the forex market , đồng thời đề xuất các hướng ứng dụng trong lĩnh vực nghiên cứu chuyên ngành. Tài liệu kết hợp giữa cơ sở học thuật và các tình huống ứng dụng nhằm nâng cao khả năng tiếp cận và triển khai thực tế. Nghiên cứu góp phần cung cấp nền tảng kiến thức phục vụ cho việc học tập và phát triển chuyên môn.",/static/uploads/files/D26.pdf,/static/uploads/images/D26.jpg,Book,active
D27,"Rubber and the making of Vietnam :An ecological history, (1897-1975) /Michitake Aso",,2018,"xvii, 405 pages :ill. ;24 cm","Nội dung tài liệu phân tích các vấn đề liên quan đến Rubber and the making of Vietnam: An ecological history, (1897-1975) , đồng thời đề xuất các hướng ứng dụng trong lĩnh vực nghiên cứu chuyên ngành. Tài liệu sử dụng phương pháp phân tích và tổng hợp tài liệu nhằm làm rõ các khái niệm, nguyên lý và kỹ thuật liên quan. Nội dung tài liệu hỗ trợ người đọc tiếp cận các xu hướng nghiên cứu và ứng dụng hiện đại trong môi trường học thuật.",/static/uploads/files/D27.pdf,/static/uploads/images/D27.jpg,Book,active
D28,Computer applications in pharmaceutical research and development /edited by Sean Ekins,,2006,"xix, 805 p. :ill. ;25 cm","Nghiên cứu này trình bày các khía cạnh chuyên môn của Computer applications in pharmaceutical research and development , kết hợp giữa nền tảng lý thuyết và ứng dụng thực tiễn trong lĩnh vực nghiên cứu chuyên ngành. Tài liệu kết hợp giữa cơ sở học thuật và các tình huống ứng dụng nhằm nâng cao khả năng tiếp cận và triển khai thực tế. Kết quả của tài liệu có giá trị tham khảo đối với sinh viên, giảng viên và các nhà nghiên cứu trong lĩnh vực liên quan.",/static/uploads/files/D28.pdf,/static/uploads/images/D28.jpg,Book,active
D29,"Megatrends in food and agriculture :Technology, water use and nutrition /Helmut Traitler, Michel Dubois, Keith Heikes, Vincent Pétiard, David Zilberman",,2018,"xvi, 320 pages :illustrations ;24 cm","Tài liệu cung cấp cái nhìn tổng quan về Megatrends in food and agriculture: Technology, water use and nutrition , bao gồm các mô hình, kỹ thuật và xu hướng phát triển trong dịch vụ thực phẩm. Tài liệu kết hợp giữa cơ sở học thuật và các tình huống ứng dụng nhằm nâng cao khả năng tiếp cận và triển khai thực tế. Kết quả của tài liệu có giá trị tham khảo đối với sinh viên, giảng viên và các nhà nghiên cứu trong lĩnh vực liên quan.",/static/uploads/files/D29.pdf,/static/uploads/images/D29.jpg,Book,active
D30,Infographics for dummies /Justin Beegel,,2014,"x, 306 pages :illustrations ;24 cm","Tài liệu tập trung nghiên cứu về Infographics for dummies , trình bày các cơ sở lý thuyết và phương pháp tiếp cận trong lĩnh vực lĩnh vực nghiên cứu chuyên ngành. Tài liệu sử dụng phương pháp phân tích và tổng hợp tài liệu nhằm làm rõ các khái niệm, nguyên lý và kỹ thuật liên quan. Kết quả của tài liệu có giá trị tham khảo đối với sinh viên, giảng viên và các nhà nghiên cứu trong lĩnh vực liên quan.",/static/uploads/files/D30.pdf,/static/uploads/images/D30.jpg,Book,active
D31,Networking for dummies /Doug Lowe,,2020,454 p. :ill.,"Nghiên cứu này trình bày các khía cạnh chuyên môn của Networking for dummies , kết hợp giữa nền tảng lý thuyết và ứng dụng thực tiễn trong mạng máy tính. Nghiên cứu áp dụng các mô hình và phương pháp đánh giá phổ biến nhằm phân tích hiệu quả của các giải pháp được đề cập. Nghiên cứu góp phần cung cấp nền tảng kiến thức phục vụ cho việc học tập và phát triển chuyên môn.",/static/uploads/files/D31.pdf,/static/uploads/images/D31.jpg,Book,active
D32,Oats :Chemistry and technology /edited by Francis H. Webster and Peter J. Wood,,2011,"xii, 376 p. :ill. ;29 cm","Tài liệu cung cấp cái nhìn tổng quan về Oats: Chemistry and technology , bao gồm các mô hình, kỹ thuật và xu hướng phát triển trong lĩnh vực nghiên cứu chuyên ngành. Nghiên cứu áp dụng các mô hình và phương pháp đánh giá phổ biến nhằm phân tích hiệu quả của các giải pháp được đề cập. Nghiên cứu góp phần cung cấp nền tảng kiến thức phục vụ cho việc học tập và phát triển chuyên môn.",/static/uploads/files/D32.pdf,/static/uploads/images/D32.jpg,Book,active
D33,"Big data, little data, no data :Scholarship in the networked world /Christine L. Borgman",,2015,"xxv, 383 pages ;24 cm","Nội dung tài liệu phân tích các vấn đề liên quan đến Big data, little data, no data: Scholarship in the networked world , đồng thời đề xuất các hướng ứng dụng trong mạng máy tính. Tài liệu kết hợp giữa cơ sở học thuật và các tình huống ứng dụng nhằm nâng cao khả năng tiếp cận và triển khai thực tế. Nghiên cứu góp phần cung cấp nền tảng kiến thức phục vụ cho việc học tập và phát triển chuyên môn.",/static/uploads/files/D33.pdf,/static/uploads/images/D33.jpg,Book,active
D37,Too big to ignore :The business case for big data /Phil Simon,,2013,231 p. :ill.,"Tài liệu tập trung nghiên cứu về Too big to ignore: The business case for big data , trình bày các cơ sở lý thuyết và phương pháp tiếp cận trong lĩnh vực lĩnh vực nghiên cứu chuyên ngành. Nội dung được xây dựng dựa trên việc hệ thống hóa kiến thức chuyên ngành kết hợp với các ví dụ minh họa thực tế. Nghiên cứu góp phần cung cấp nền tảng kiến thức phục vụ cho việc học tập và phát triển chuyên môn.",/static/uploads/files/D37.pdf,/static/uploads/images/D37.jpg,Book,active
D38,"Big data, big innovation :Enabling competitive differentiation through business analytics /Evan Stubbs",,2014,"xvii, 232 pages :illustrations ;24 cm","Tài liệu cung cấp cái nhìn tổng quan về Big data, big innovation: Enabling competitive differentiation through business analytics , bao gồm các mô hình, kỹ thuật và xu hướng phát triển trong lĩnh vực nghiên cứu chuyên ngành. Tài liệu sử dụng phương pháp phân tích và tổng hợp tài liệu nhằm làm rõ các khái niệm, nguyên lý và kỹ thuật liên quan. Kết quả của tài liệu có giá trị tham khảo đối với sinh viên, giảng viên và các nhà nghiên cứu trong lĩnh vực liên quan.",/static/uploads/files/D38.pdf,/static/uploads/images/D38.jpg,Book,active
D1,Food and beverage service :A training manual /Suzanne Weekes,,2013,"xii, 409 p. :ill. ;24 cm","Tài liệu cung cấp cái nhìn tổng quan về Food and beverage service: A training manual , bao gồm các mô hình, kỹ thuật và xu hướng phát triển trong trí tuệ nhân tạo. Tài liệu sử dụng phương pháp phân tích và tổng hợp tài liệu nhằm làm rõ các khái niệm, nguyên lý và kỹ thuật liên quan. Kết quả của tài liệu có giá trị tham khảo đối với sinh viên, giảng viên và các nhà nghiên cứu trong lĩnh vực liên quan.",/static/uploads/files/D1.pdf,/static/uploads/images/D1.jpg,Book,active
D2,Smart antennas for wireless communications :With matlab /Frank B. Gross,,2005,270 p. :ill. ;23 cm,"Nội dung tài liệu phân tích các vấn đề liên quan đến Smart antennas for wireless communications: With matlab , đồng thời đề xuất các hướng ứng dụng trong truyền thông không dây. Nội dung được xây dựng dựa trên việc hệ thống hóa kiến thức chuyên ngành kết hợp với các ví dụ minh họa thực tế. Nội dung tài liệu hỗ trợ người đọc tiếp cận các xu hướng nghiên cứu và ứng dụng hiện đại trong môi trường học thuật.",/static/uploads/files/D2.pdf,/static/uploads/images/D2.jpg,Book,active
D3,Reactive intermediates :MS investigations in solution /edited by Leonardo S. Santos,,2010,"xxiv, 317 p. :ill. ;25 cm","Nghiên cứu này trình bày các khía cạnh chuyên môn của Reactive intermediates: MS investigations in solution , kết hợp giữa nền tảng lý thuyết và ứng dụng thực tiễn trong lĩnh vực nghiên cứu chuyên ngành. Nghiên cứu áp dụng các mô hình và phương pháp đánh giá phổ biến nhằm phân tích hiệu quả của các giải pháp được đề cập. Nghiên cứu góp phần cung cấp nền tảng kiến thức phục vụ cho việc học tập và phát triển chuyên môn.",/static/uploads/files/D3.pdf,/static/uploads/images/D3.jpg,Book,active
D4,"Antennas and propagation for body-centric wireless communications /Peter S. Hall, Yang Hao, editors",,2006,"xiii, 291 p. :ill. ;26 cm","Tài liệu cung cấp cái nhìn tổng quan về Antennas and propagation for body-centric wireless communications , bao gồm các mô hình, kỹ thuật và xu hướng phát triển trong truyền thông không dây. Nghiên cứu áp dụng các mô hình và phương pháp đánh giá phổ biến nhằm phân tích hiệu quả của các giải pháp được đề cập. Tài liệu có thể được sử dụng như nguồn tham khảo trong học tập, nghiên cứu và triển khai các hệ thống thực tế.",/static/uploads/files/D4.pdf,/static/uploads/images/D4.jpg,Book,active
D5,Economics for dummies /Sean Masaki Flynn,,2018,"xiii, 410 pages :illustrations ;24 cm","Tài liệu cung cấp cái nhìn tổng quan về Economics for dummies , bao gồm các mô hình, kỹ thuật và xu hướng phát triển trong kinh tế học. Tài liệu kết hợp giữa cơ sở học thuật và các tình huống ứng dụng nhằm nâng cao khả năng tiếp cận và triển khai thực tế. Nghiên cứu góp phần cung cấp nền tảng kiến thức phục vụ cho việc học tập và phát triển chuyên môn.",/static/uploads/files/D5.pdf,/static/uploads/images/D5.jpg,Book,active
D6,Analyzing biomolecular interactions by mass spectrometry /edited by Jeroen Kool and Wilfried M.A. Niessen,,2015,378 p. :ill. ;25 cm,"Nghiên cứu này trình bày các khía cạnh chuyên môn của Analyzing biomolecular interactions by mass spectrometry , kết hợp giữa nền tảng lý thuyết và ứng dụng thực tiễn trong lĩnh vực nghiên cứu chuyên ngành. Nghiên cứu áp dụng các mô hình và phương pháp đánh giá phổ biến nhằm phân tích hiệu quả của các giải pháp được đề cập. Nội dung tài liệu hỗ trợ người đọc tiếp cận các xu hướng nghiên cứu và ứng dụng hiện đại trong môi trường học thuật.",/static/uploads/files/D6.pdf,/static/uploads/images/D6.jpg,Book,active
D7,"Mass spectrometry basics /Christopher G. Herbert, Robert A.W. Johnstone",,2003,474 p. :ill. ;26 cm,"Tài liệu cung cấp cái nhìn tổng quan về Mass spectrometry basics , bao gồm các mô hình, kỹ thuật và xu hướng phát triển trong lĩnh vực nghiên cứu chuyên ngành. Tài liệu kết hợp giữa cơ sở học thuật và các tình huống ứng dụng nhằm nâng cao khả năng tiếp cận và triển khai thực tế. Tài liệu có thể được sử dụng như nguồn tham khảo trong học tập, nghiên cứu và triển khai các hệ thống thực tế.",/static/uploads/files/D7.pdf,/static/uploads/images/D7.jpg,Book,active
D8,"Low-cost smart antennas /Qi Luo and Steven (Shichang) Gao, Wei Liu, Chao Gu",,2019,268 p.,"Tài liệu tập trung nghiên cứu về Low-cost smart antennas , trình bày các cơ sở lý thuyết và phương pháp tiếp cận trong lĩnh vực hệ thống anten. Tài liệu kết hợp giữa cơ sở học thuật và các tình huống ứng dụng nhằm nâng cao khả năng tiếp cận và triển khai thực tế. Nội dung tài liệu hỗ trợ người đọc tiếp cận các xu hướng nghiên cứu và ứng dụng hiện đại trong môi trường học thuật.",/static/uploads/files/D8.pdf,/static/uploads/images/D8.jpg,Book,active
D9,Understanding reading :A psycholinguistic analysis of reading and learning to read /Frank Smith,,2004,"xii, 374 p. :ill. ;24 cm","Tài liệu cung cấp cái nhìn tổng quan về Understanding reading: A psycholinguistic analysis of reading and learning to read , bao gồm các mô hình, kỹ thuật và xu hướng phát triển trong lĩnh vực nghiên cứu chuyên ngành. Tài liệu kết hợp giữa cơ sở học thuật và các tình huống ứng dụng nhằm nâng cao khả năng tiếp cận và triển khai thực tế. Nghiên cứu góp phần cung cấp nền tảng kiến thức phục vụ cho việc học tập và phát triển chuyên môn.",/static/uploads/files/D9.pdf,/static/uploads/images/D9.jpg,Book,active
D10,Optimizing and assessing information technology :Improving business project execution /K. Scott Proctor,,2011,"xvi, 233 p. :ill. ;24 cm","Nội dung tài liệu phân tích các vấn đề liên quan đến Optimizing and assessing information technology: Improving business project execution , đồng thời đề xuất các hướng ứng dụng trong lĩnh vực nghiên cứu chuyên ngành. Nội dung được xây dựng dựa trên việc hệ thống hóa kiến thức chuyên ngành kết hợp với các ví dụ minh họa thực tế. Tài liệu có thể được sử dụng như nguồn tham khảo trong học tập, nghiên cứu và triển khai các hệ thống thực tế.",/static/uploads/files/D10.pdf,/static/uploads/images/D10.jpg,Book,active
D11,Integrated strategies for drug discovery using mass spectrometry /edited by Mike S. Lee,,2005,"xvii, 550 p. :ill. ;24 cm","Nội dung tài liệu phân tích các vấn đề liên quan đến Integrated strategies for drug discovery using mass spectrometry , đồng thời đề xuất các hướng ứng dụng trong lĩnh vực nghiên cứu chuyên ngành. Tài liệu kết hợp giữa cơ sở học thuật và các tình huống ứng dụng nhằm nâng cao khả năng tiếp cận và triển khai thực tế. Nghiên cứu góp phần cung cấp nền tảng kiến thức phục vụ cho việc học tập và phát triển chuyên môn.",/static/uploads/files/D11.pdf,/static/uploads/images/D11.jpg,Book,active
D12,Exercises in synthetic organic chemistry /Chiara Ghiron and Russell J. Thomas,,1997,"xv, 123 p. :ill. ;30 cm","Nội dung tài liệu phân tích các vấn đề liên quan đến Exercises in synthetic organic chemistry , đồng thời đề xuất các hướng ứng dụng trong lĩnh vực nghiên cứu chuyên ngành. Nội dung được xây dựng dựa trên việc hệ thống hóa kiến thức chuyên ngành kết hợp với các ví dụ minh họa thực tế. Nghiên cứu góp phần cung cấp nền tảng kiến thức phục vụ cho việc học tập và phát triển chuyên môn.",/static/uploads/files/D12.pdf,/static/uploads/images/D12.jpg,Book,active
D47,The cloud-based demand-driven supply chain /Vinit Sharma,,2019,311 p. :ill.,"Nội dung tài liệu phân tích các vấn đề liên quan đến The cloud-based demand-driven supply chain , đồng thời đề xuất các hướng ứng dụng trong trí tuệ nhân tạo. Nội dung được xây dựng dựa trên việc hệ thống hóa kiến thức chuyên ngành kết hợp với các ví dụ minh họa thực tế. Nội dung tài liệu hỗ trợ người đọc tiếp cận các xu hướng nghiên cứu và ứng dụng hiện đại trong môi trường học thuật.",/static/uploads/files/D47.pdf,/static/uploads/images/D47.jpg,Book,active
D48,"Perfect selling :Open the door, close the deal /Linda Richardson",,2008,"xxx, 174 p. :ill. ;19 cm","Nghiên cứu này trình bày các khía cạnh chuyên môn của Perfect selling: Open the door, close the deal , kết hợp giữa nền tảng lý thuyết và ứng dụng thực tiễn trong lĩnh vực nghiên cứu chuyên ngành. Tài liệu kết hợp giữa cơ sở học thuật và các tình huống ứng dụng nhằm nâng cao khả năng tiếp cận và triển khai thực tế. Nội dung tài liệu hỗ trợ người đọc tiếp cận các xu hướng nghiên cứu và ứng dụng hiện đại trong môi trường học thuật.",/static/uploads/files/D48.pdf,/static/uploads/images/D48.jpg,Book,active
D49,Managing complex projects :A new model /Kathleen B. Hass,,2009,"xxiv, 298 p. ;25 cm","Tài liệu cung cấp cái nhìn tổng quan về Managing complex projects: A new model , bao gồm các mô hình, kỹ thuật và xu hướng phát triển trong lĩnh vực nghiên cứu chuyên ngành. Tài liệu kết hợp giữa cơ sở học thuật và các tình huống ứng dụng nhằm nâng cao khả năng tiếp cận và triển khai thực tế. Tài liệu có thể được sử dụng như nguồn tham khảo trong học tập, nghiên cứu và triển khai các hệ thống thực tế.",/static/uploads/files/D49.pdf,/static/uploads/images/D49.jpg,Book,active
D50,"Global logistics and supply chain management /John Mangan, Chandra Lalwani",,2016,"xvii, 393 pages :illustrations ;25 cm","Nghiên cứu này trình bày các khía cạnh chuyên môn của Global logistics and supply chain management , kết hợp giữa nền tảng lý thuyết và ứng dụng thực tiễn trong quản trị. Nội dung được xây dựng dựa trên việc hệ thống hóa kiến thức chuyên ngành kết hợp với các ví dụ minh họa thực tế. Nghiên cứu góp phần cung cấp nền tảng kiến thức phục vụ cho việc học tập và phát triển chuyên môn.",/static/uploads/files/D50.pdf,/static/uploads/images/D50.jpg,Book,active
D51,Bạn muốn trở thành phiên dịch giỏi? - Cẩm nang kỹ năng nghề phiên dịch :Tất cả mọi bí quyết và nguyên tắc thành công cho nghề phiên dịch đều nằm ở trong quyển sách này /Lê Huy Khoa,Cẩm nang kỹ năng nghề phiên dịch :Tất cả mọi bí quyết và nguyên tắc thành công cho nghề phiên dịch đều nằm ở trong quyển sách này,2023,328 tr. :Minh họa ;21 cm,"Tài liệu tập trung nghiên cứu về Bạn muốn trở thành phiên dịch giỏi? - Cẩm nang kỹ năng nghề phiên dịch: Tất cả mọi bí quyết và nguyên tắc thành công cho nghề phiên dịch đều nằm ở trong quyển sách này , trình bày các cơ sở lý thuyết và phương pháp tiếp cận trong lĩnh vực lĩnh vực nghiên cứu chuyên ngành. Nội dung được xây dựng dựa trên việc hệ thống hóa kiến thức chuyên ngành kết hợp với các ví dụ minh họa thực tế. Nội dung tài liệu hỗ trợ người đọc tiếp cận các xu hướng nghiên cứu và ứng dụng hiện đại trong môi trường học thuật.",/static/uploads/files/D51.pdf,/static/uploads/images/D51.jpg,Book,active
D52,Tiền bẩn :Lật tẩy những cú lừa thế kỷ và thủ thuật thao túng tài chính chấn động nước Mỹ /Kelly Richmond Pope; Phạm Trúc Quỳnh (dịch),"Fool me once : scams, stories, and secrets from the trillion-dollar fraud industry",2023,"350 tr. :Minh họa ;20,5 cm","Nghiên cứu này trình bày các khía cạnh chuyên môn của Tiền bẩn: Lật tẩy những cú lừa thế kỷ và thủ thuật thao túng tài chính chấn động nước Mỹ , kết hợp giữa nền tảng lý thuyết và ứng dụng thực tiễn trong lĩnh vực nghiên cứu chuyên ngành. Tài liệu kết hợp giữa cơ sở học thuật và các tình huống ứng dụng nhằm nâng cao khả năng tiếp cận và triển khai thực tế. Nội dung tài liệu hỗ trợ người đọc tiếp cận các xu hướng nghiên cứu và ứng dụng hiện đại trong môi trường học thuật.",/static/uploads/files/D52.pdf,/static/uploads/images/D52.jpg,Book,active
D53,Xoay trục :Tương lai nghệ thuật lãnh đạo của Mỹ ở Châu Á /Kurt M. Campbell; Nguyễn Văn Sảnh và những người khác dịch và hiệu đính,The Pivot : the future of American statecraft in Asia,2017,491 tr. ;23 cm,"Tài liệu cung cấp cái nhìn tổng quan về Xoay trục: Tương lai nghệ thuật lãnh đạo của Mỹ ở Châu Á , bao gồm các mô hình, kỹ thuật và xu hướng phát triển trong trí tuệ nhân tạo. Tài liệu sử dụng phương pháp phân tích và tổng hợp tài liệu nhằm làm rõ các khái niệm, nguyên lý và kỹ thuật liên quan. Nội dung tài liệu hỗ trợ người đọc tiếp cận các xu hướng nghiên cứu và ứng dụng hiện đại trong môi trường học thuật.",/static/uploads/files/D53.pdf,/static/uploads/images/D53.jpg,Book,active
D54,Góc nhìn cận cảnh :Thế giới và Biển Đông sau phán quyết của Tòa Trọng tài /Trần Nam Tiến (Chủ biên) và những người khác,,2025,253 tr. :Minh họa,"Nghiên cứu này trình bày các khía cạnh chuyên môn của Góc nhìn cận cảnh: Thế giới và Biển Đông sau phán quyết của Tòa Trọng tài , kết hợp giữa nền tảng lý thuyết và ứng dụng thực tiễn trong lĩnh vực nghiên cứu chuyên ngành. Nghiên cứu áp dụng các mô hình và phương pháp đánh giá phổ biến nhằm phân tích hiệu quả của các giải pháp được đề cập. Kết quả của tài liệu có giá trị tham khảo đối với sinh viên, giảng viên và các nhà nghiên cứu trong lĩnh vực liên quan.",/static/uploads/files/D54.pdf,/static/uploads/images/D54.jpg,Book,active
D55,"Lịch sử thủy lợi Việt Nam /Phan Khánh (Chủ biên), Nguyễn Ân Niên, Nguyễn Ty Niên",,2024,520 tr. :Minh họa,"Tài liệu cung cấp cái nhìn tổng quan về Lịch sử thủy lợi Việt Nam , bao gồm các mô hình, kỹ thuật và xu hướng phát triển trong lĩnh vực nghiên cứu chuyên ngành. Tài liệu kết hợp giữa cơ sở học thuật và các tình huống ứng dụng nhằm nâng cao khả năng tiếp cận và triển khai thực tế. Nội dung tài liệu hỗ trợ người đọc tiếp cận các xu hướng nghiên cứu và ứng dụng hiện đại trong môi trường học thuật.",/static/uploads/files/D55.pdf,/static/uploads/images/D55.jpg,Book,active
D56,"Lý thuyết về dịch thuật :Một dẫn nhập ngắn /Bùi Thị Ngọc Lan, Nguyễn Văn Hà, Nguyễn Vương Tuấn",The theory of translation : a very short introduction,2025,"158 tr. ;16,5 cm","Tài liệu tập trung nghiên cứu về Lý thuyết về dịch thuật: Một dẫn nhập ngắn , trình bày các cơ sở lý thuyết và phương pháp tiếp cận trong lĩnh vực lĩnh vực nghiên cứu chuyên ngành. Tài liệu kết hợp giữa cơ sở học thuật và các tình huống ứng dụng nhằm nâng cao khả năng tiếp cận và triển khai thực tế. Tài liệu có thể được sử dụng như nguồn tham khảo trong học tập, nghiên cứu và triển khai các hệ thống thực tế.",/static/uploads/files/D56.pdf,/static/uploads/images/D56.jpg,Book,active
D57,Triết học tổng quát :Vấn đề triết học /Nguyễn Văn Trung,,2024,216 tr. ;20 cm,"Tài liệu cung cấp cái nhìn tổng quan về Triết học tổng quát: Vấn đề triết học , bao gồm các mô hình, kỹ thuật và xu hướng phát triển trong lĩnh vực nghiên cứu chuyên ngành. Nội dung được xây dựng dựa trên việc hệ thống hóa kiến thức chuyên ngành kết hợp với các ví dụ minh họa thực tế. Nội dung tài liệu hỗ trợ người đọc tiếp cận các xu hướng nghiên cứu và ứng dụng hiện đại trong môi trường học thuật.",/static/uploads/files/D57.pdf,/static/uploads/images/D57.jpg,Book,active
D58,"Huế và triều Nguyễn, theo dấu thời gian /Đỗ Minh Điền",,2024,296 tr. :Minh họa ;23 cm,"Tài liệu tập trung nghiên cứu về Huế và triều Nguyễn, theo dấu thời gian , trình bày các cơ sở lý thuyết và phương pháp tiếp cận trong lĩnh vực lĩnh vực nghiên cứu chuyên ngành. Tài liệu sử dụng phương pháp phân tích và tổng hợp tài liệu nhằm làm rõ các khái niệm, nguyên lý và kỹ thuật liên quan. Nội dung tài liệu hỗ trợ người đọc tiếp cận các xu hướng nghiên cứu và ứng dụng hiện đại trong môi trường học thuật.",/static/uploads/files/D58.pdf,/static/uploads/images/D58.jpg,Book,active
D59,Tiếng Việt chữ nghĩa - Hồn vía dân gian /Phạm Văn Tình,,2025,268 tr. ;21 cm,"Nội dung tài liệu phân tích các vấn đề liên quan đến Tiếng Việt chữ nghĩa - Hồn vía dân gian , đồng thời đề xuất các hướng ứng dụng trong lĩnh vực nghiên cứu chuyên ngành. Nội dung được xây dựng dựa trên việc hệ thống hóa kiến thức chuyên ngành kết hợp với các ví dụ minh họa thực tế. Nội dung tài liệu hỗ trợ người đọc tiếp cận các xu hướng nghiên cứu và ứng dụng hiện đại trong môi trường học thuật.",/static/uploads/files/D59.pdf,/static/uploads/images/D59.jpg,Book,active
D60,Việt Nam sử luận :Góc nhìn đa chiều /Trịnh Vĩnh Thường; Nguyễn Phúc An (dịch và khảo chú),,2025,384 tr. :Minh họa ;24 cm,"Nghiên cứu này trình bày các khía cạnh chuyên môn của Việt Nam sử luận: Góc nhìn đa chiều , kết hợp giữa nền tảng lý thuyết và ứng dụng thực tiễn trong lĩnh vực nghiên cứu chuyên ngành. Tài liệu kết hợp giữa cơ sở học thuật và các tình huống ứng dụng nhằm nâng cao khả năng tiếp cận và triển khai thực tế. Nội dung tài liệu hỗ trợ người đọc tiếp cận các xu hướng nghiên cứu và ứng dụng hiện đại trong môi trường học thuật.",/static/uploads/files/D60.pdf,/static/uploads/images/D60.jpg,Book,active
D61,Đối thoại với Lý Quang Diệu :Nhà nước công dân Singapore : cách thức xây dựng một quốc gia /Tom Plate; Nguyễn Hằng dịch,Conversations with Lee Kuan Yew,2011,"266 tr. :Minh họa ;20,5 cm","Nghiên cứu này trình bày các khía cạnh chuyên môn của Đối thoại với Lý Quang Diệu: Nhà nước công dân Singapore: cách thức xây dựng một quốc gia , kết hợp giữa nền tảng lý thuyết và ứng dụng thực tiễn trong lĩnh vực nghiên cứu chuyên ngành. Tài liệu kết hợp giữa cơ sở học thuật và các tình huống ứng dụng nhằm nâng cao khả năng tiếp cận và triển khai thực tế. Nghiên cứu góp phần cung cấp nền tảng kiến thức phục vụ cho việc học tập và phát triển chuyên môn.",/static/uploads/files/D61.pdf,/static/uploads/images/D61.jpg,Book,active
D62,Python cơ bản /Bùi Việt Hà,,2024,140 tr. ;27 cm.,"Nội dung tài liệu phân tích các vấn đề liên quan đến Python cơ bản , đồng thời đề xuất các hướng ứng dụng trong lĩnh vực nghiên cứu chuyên ngành. Tài liệu kết hợp giữa cơ sở học thuật và các tình huống ứng dụng nhằm nâng cao khả năng tiếp cận và triển khai thực tế. Nội dung tài liệu hỗ trợ người đọc tiếp cận các xu hướng nghiên cứu và ứng dụng hiện đại trong môi trường học thuật.",/static/uploads/files/D62.pdf,/static/uploads/images/D62.jpg,Book,active
D63,"Luật An toàn thực phẩm quy định mới về thanh tra, xử phạt vi phạm hành chính trong lĩnh vực an toàn thực phẩm ở các cơ quan, doanh nghiệp, hộ kinh doanh, nhà hàng, khách sạn, quán ăn /Thu Phương (Hệ thống)",,2022,384 tr. ;28 cm,"Nghiên cứu này trình bày các khía cạnh chuyên môn của Luật An toàn thực phẩm quy định mới về thanh tra, xử phạt vi phạm hành chính trong lĩnh vực an toàn thực phẩm ở các cơ quan, doanh nghiệp, hộ kinh doanh, nhà hàng, khách sạn, quán ăn , kết hợp giữa nền tảng lý thuyết và ứng dụng thực tiễn trong lĩnh vực nghiên cứu chuyên ngành. Tài liệu kết hợp giữa cơ sở học thuật và các tình huống ứng dụng nhằm nâng cao khả năng tiếp cận và triển khai thực tế. Nghiên cứu góp phần cung cấp nền tảng kiến thức phục vụ cho việc học tập và phát triển chuyên môn.",/static/uploads/files/D63.pdf,/static/uploads/images/D63.jpg,Book,active
D64,Lý thuyết điều khiển tự động thông thường và hiện đại :Quyển 2: Hệ xung số /Nguyễn Thương Ngô,,2009,200 tr. ;24 cm.,"Tài liệu tập trung nghiên cứu về Lý thuyết điều khiển tự động thông thường và hiện đại: Quyển 2: Hệ xung số , trình bày các cơ sở lý thuyết và phương pháp tiếp cận trong lĩnh vực lĩnh vực nghiên cứu chuyên ngành. Tài liệu sử dụng phương pháp phân tích và tổng hợp tài liệu nhằm làm rõ các khái niệm, nguyên lý và kỹ thuật liên quan. Kết quả của tài liệu có giá trị tham khảo đối với sinh viên, giảng viên và các nhà nghiên cứu trong lĩnh vực liên quan.",/static/uploads/files/D64.pdf,/static/uploads/images/D64.jpg,Book,active
D65,Phân tích công cụ /Trần Thị Thúy,,2016,196 tr. ;24 cm,"Tài liệu cung cấp cái nhìn tổng quan về Phân tích công cụ , bao gồm các mô hình, kỹ thuật và xu hướng phát triển trong lĩnh vực nghiên cứu chuyên ngành. Nghiên cứu áp dụng các mô hình và phương pháp đánh giá phổ biến nhằm phân tích hiệu quả của các giải pháp được đề cập. Tài liệu có thể được sử dụng như nguồn tham khảo trong học tập, nghiên cứu và triển khai các hệ thống thực tế.",/static/uploads/files/D65.pdf,/static/uploads/images/D65.jpg,Book,active
D66,Giáo trình kỹ thuật bao bì thực phẩm /Đống Thị Anh Đào,,2020,404 tr. ;24 cm,"Nghiên cứu này trình bày các khía cạnh chuyên môn của Giáo trình kỹ thuật bao bì thực phẩm , kết hợp giữa nền tảng lý thuyết và ứng dụng thực tiễn trong lĩnh vực nghiên cứu chuyên ngành. Nội dung được xây dựng dựa trên việc hệ thống hóa kiến thức chuyên ngành kết hợp với các ví dụ minh họa thực tế. Nội dung tài liệu hỗ trợ người đọc tiếp cận các xu hướng nghiên cứu và ứng dụng hiện đại trong môi trường học thuật.",/static/uploads/files/D66.pdf,/static/uploads/images/D66.jpg,Book,active
D67,Sinh lý thực vật ứng dụng /Vũ Văn Vụ,,1999,148 tr. ;21 cm,"Tài liệu tập trung nghiên cứu về Sinh lý thực vật ứng dụng , trình bày các cơ sở lý thuyết và phương pháp tiếp cận trong lĩnh vực lĩnh vực nghiên cứu chuyên ngành. Nội dung được xây dựng dựa trên việc hệ thống hóa kiến thức chuyên ngành kết hợp với các ví dụ minh họa thực tế. Nội dung tài liệu hỗ trợ người đọc tiếp cận các xu hướng nghiên cứu và ứng dụng hiện đại trong môi trường học thuật.",/static/uploads/files/D67.pdf,/static/uploads/images/D67.jpg,Book,active
D68,"Trở thành người bán hàng xuất sắc :21 cách tuyệt vời để bán được nhiều hơn, nhanh hơn, dễ dàng hơn trong những thị trường khó khăn /Brian Tracy; Quế Hương dịch",Be a sales superstar,2016,"140 tr. ;20,5 cm","Nội dung tài liệu phân tích các vấn đề liên quan đến Trở thành người bán hàng xuất sắc: 21 cách tuyệt vời để bán được nhiều hơn, nhanh hơn, dễ dàng hơn trong những thị trường khó khăn , đồng thời đề xuất các hướng ứng dụng trong lĩnh vực nghiên cứu chuyên ngành. Nghiên cứu áp dụng các mô hình và phương pháp đánh giá phổ biến nhằm phân tích hiệu quả của các giải pháp được đề cập. Nội dung tài liệu hỗ trợ người đọc tiếp cận các xu hướng nghiên cứu và ứng dụng hiện đại trong môi trường học thuật.",/static/uploads/files/D68.pdf,/static/uploads/images/D68.jpg,Book,active
D69,Dinh dưỡng học /Đào Thị Yến Phi (chủ biên) và các tác giả khác,,2020,"xiv, 541 tr. ;27 cm","Nghiên cứu này trình bày các khía cạnh chuyên môn của Dinh dưỡng học , kết hợp giữa nền tảng lý thuyết và ứng dụng thực tiễn trong lĩnh vực nghiên cứu chuyên ngành. Nghiên cứu áp dụng các mô hình và phương pháp đánh giá phổ biến nhằm phân tích hiệu quả của các giải pháp được đề cập. Nội dung tài liệu hỗ trợ người đọc tiếp cận các xu hướng nghiên cứu và ứng dụng hiện đại trong môi trường học thuật.",/static/uploads/files/D69.pdf,/static/uploads/images/D69.jpg,Book,active
D70,"Thế mới là marketing :Sẽ chẳng ai biết đến bạn, trừ khi bạn học được cách tự tỏa sáng /Seth Godin; Phan Thu dịch",This is marketing,2019,366 tr.,"Tài liệu tập trung nghiên cứu về Thế mới là marketing: Sẽ chẳng ai biết đến bạn, trừ khi bạn học được cách tự tỏa sáng , trình bày các cơ sở lý thuyết và phương pháp tiếp cận trong lĩnh vực trí tuệ nhân tạo. Tài liệu kết hợp giữa cơ sở học thuật và các tình huống ứng dụng nhằm nâng cao khả năng tiếp cận và triển khai thực tế. Nghiên cứu góp phần cung cấp nền tảng kiến thức phục vụ cho việc học tập và phát triển chuyên môn.",/static/uploads/files/D70.pdf,/static/uploads/images/D70.jpg,Book,active
D71,Thế giới ảo thương hiệu thật :Bí quyết xây dựng thương hiệu cá nhân thành công trên nền tảng mạng xã hội /Gary Vaynerchuk; Nguyễn Thu Hương dịch,Crushing it!,2019,"378 tr. ;20,5 cm","Nghiên cứu này trình bày các khía cạnh chuyên môn của Thế giới ảo thương hiệu thật: Bí quyết xây dựng thương hiệu cá nhân thành công trên nền tảng mạng xã hội , kết hợp giữa nền tảng lý thuyết và ứng dụng thực tiễn trong lĩnh vực nghiên cứu chuyên ngành. Tài liệu sử dụng phương pháp phân tích và tổng hợp tài liệu nhằm làm rõ các khái niệm, nguyên lý và kỹ thuật liên quan. Kết quả của tài liệu có giá trị tham khảo đối với sinh viên, giảng viên và các nhà nghiên cứu trong lĩnh vực liên quan.",/static/uploads/files/D71.pdf,/static/uploads/images/D71.jpg,Book,active
D72,"Giáo trình hóa sinh thực vật /Trần Thị Lệ (Chủ biên), Võ Văn Quang",,2006,284 tr. ;21 cm,"Nội dung tài liệu phân tích các vấn đề liên quan đến Giáo trình hóa sinh thực vật , đồng thời đề xuất các hướng ứng dụng trong lĩnh vực nghiên cứu chuyên ngành. Tài liệu sử dụng phương pháp phân tích và tổng hợp tài liệu nhằm làm rõ các khái niệm, nguyên lý và kỹ thuật liên quan. Nội dung tài liệu hỗ trợ người đọc tiếp cận các xu hướng nghiên cứu và ứng dụng hiện đại trong môi trường học thuật.",/static/uploads/files/D72.pdf,/static/uploads/images/D72.jpg,Book,active
D73,Influencer :Xây dựng thương hiệu cá nhân trong kỷ nguyên 4.0 /Brittany Hennessy; Linh Nguyên dịch,Influencer: building your personal brand in the age of social media,2019,342 tr. ;20 cm,"Nghiên cứu này trình bày các khía cạnh chuyên môn của Influencer: Xây dựng thương hiệu cá nhân trong kỷ nguyên 4.0 , kết hợp giữa nền tảng lý thuyết và ứng dụng thực tiễn trong lĩnh vực nghiên cứu chuyên ngành. Nghiên cứu áp dụng các mô hình và phương pháp đánh giá phổ biến nhằm phân tích hiệu quả của các giải pháp được đề cập. Nội dung tài liệu hỗ trợ người đọc tiếp cận các xu hướng nghiên cứu và ứng dụng hiện đại trong môi trường học thuật.",/static/uploads/files/D73.pdf,/static/uploads/images/D73.jpg,Book,active
D74,Phương pháp thiết kế tuyến clothoid cho đường ô tô /Nguyễn Xuân Vinh,,2006,238 tr. :Minh họa ;27 cm,"Nội dung tài liệu phân tích các vấn đề liên quan đến Phương pháp thiết kế tuyến clothoid cho đường ô tô , đồng thời đề xuất các hướng ứng dụng trong lĩnh vực nghiên cứu chuyên ngành. Nghiên cứu áp dụng các mô hình và phương pháp đánh giá phổ biến nhằm phân tích hiệu quả của các giải pháp được đề cập. Nội dung tài liệu hỗ trợ người đọc tiếp cận các xu hướng nghiên cứu và ứng dụng hiện đại trong môi trường học thuật.",/static/uploads/files/D74.pdf,/static/uploads/images/D74.jpg,Book,active
D75,"Máy móc, nền tảng, cộng đồng :Làm chủ tương lai kỹ thuật số của chúng ta /Andrew McAfee, Erik Brynjolfsson; Phạm Ngọc Thắng dịch","Machine, platform, crowd",2020,379 tr. :Minh họa ;24 cm,"Tài liệu tập trung nghiên cứu về Máy móc, nền tảng, cộng đồng: Làm chủ tương lai kỹ thuật số của chúng ta , trình bày các cơ sở lý thuyết và phương pháp tiếp cận trong lĩnh vực trí tuệ nhân tạo. Tài liệu sử dụng phương pháp phân tích và tổng hợp tài liệu nhằm làm rõ các khái niệm, nguyên lý và kỹ thuật liên quan. Kết quả của tài liệu có giá trị tham khảo đối với sinh viên, giảng viên và các nhà nghiên cứu trong lĩnh vực liên quan.",/static/uploads/files/D75.pdf,/static/uploads/images/D75.jpg,Book,active
D76,"Giáo trình Thủ tục hành chính (Dùng cho đào tạo Đại học Hành chính) /Nguyễn Văn Thâm, Võ Kim Sơn",,2012,151 tr. ;21 cm,"Nghiên cứu này trình bày các khía cạnh chuyên môn của Giáo trình Thủ tục hành chính (Dùng cho đào tạo Đại học Hành chính) , kết hợp giữa nền tảng lý thuyết và ứng dụng thực tiễn trong lĩnh vực nghiên cứu chuyên ngành. Nghiên cứu áp dụng các mô hình và phương pháp đánh giá phổ biến nhằm phân tích hiệu quả của các giải pháp được đề cập. Nghiên cứu góp phần cung cấp nền tảng kiến thức phục vụ cho việc học tập và phát triển chuyên môn.",/static/uploads/files/D76.pdf,/static/uploads/images/D76.jpg,Book,active
D77,Giáo trình Tâm lý học đại cương /Huỳnh Văn Sơn và các tác giả khác,,2016,229 tr. ;24 cm,"Tài liệu tập trung nghiên cứu về Giáo trình Tâm lý học đại cương , trình bày các cơ sở lý thuyết và phương pháp tiếp cận trong lĩnh vực lĩnh vực nghiên cứu chuyên ngành. Nghiên cứu áp dụng các mô hình và phương pháp đánh giá phổ biến nhằm phân tích hiệu quả của các giải pháp được đề cập. Kết quả của tài liệu có giá trị tham khảo đối với sinh viên, giảng viên và các nhà nghiên cứu trong lĩnh vực liên quan.",/static/uploads/files/D77.pdf,/static/uploads/images/D77.jpg,Book,active
D78,Giáo trình tối ưu tuyến tính :Quyển 2 /Trần Vũ Thiệu,,2023,221 tr. :Minh họa,"Nghiên cứu này trình bày các khía cạnh chuyên môn của Giáo trình tối ưu tuyến tính: Quyển 2 , kết hợp giữa nền tảng lý thuyết và ứng dụng thực tiễn trong lĩnh vực nghiên cứu chuyên ngành. Tài liệu sử dụng phương pháp phân tích và tổng hợp tài liệu nhằm làm rõ các khái niệm, nguyên lý và kỹ thuật liên quan. Nội dung tài liệu hỗ trợ người đọc tiếp cận các xu hướng nghiên cứu và ứng dụng hiện đại trong môi trường học thuật.",/static/uploads/files/D78.pdf,/static/uploads/images/D78.jpg,Book,active
D79,Giáo trình tối ưu tuyến tính :Quyển 1 /Trần Vũ Thiệu,,2023,110 tr. :Minh họa,"Nghiên cứu này trình bày các khía cạnh chuyên môn của Giáo trình tối ưu tuyến tính: Quyển 1 , kết hợp giữa nền tảng lý thuyết và ứng dụng thực tiễn trong lĩnh vực nghiên cứu chuyên ngành. Tài liệu kết hợp giữa cơ sở học thuật và các tình huống ứng dụng nhằm nâng cao khả năng tiếp cận và triển khai thực tế. Nghiên cứu góp phần cung cấp nền tảng kiến thức phục vụ cho việc học tập và phát triển chuyên môn.",/static/uploads/files/D79.pdf,/static/uploads/images/D79.jpg,Book,active
D80,Giáo trình thủy năng /Hồ Sỹ Dự (chủ biên) và những người khác,,2024,350 tr. :Minh họa,"Tài liệu tập trung nghiên cứu về Giáo trình thủy năng , trình bày các cơ sở lý thuyết và phương pháp tiếp cận trong lĩnh vực lĩnh vực nghiên cứu chuyên ngành. Nghiên cứu áp dụng các mô hình và phương pháp đánh giá phổ biến nhằm phân tích hiệu quả của các giải pháp được đề cập. Nghiên cứu góp phần cung cấp nền tảng kiến thức phục vụ cho việc học tập và phát triển chuyên môn.",/static/uploads/files/D80.pdf,/static/uploads/images/D80.jpg,Book,active
D81,"Định hình mạng 6G trong tương lai :Sự cần thiết, tác động và công nghệ /Emmanuel Bertin, Noel Crespi, Thomas Magedanz (biên soạn), Lê Tiến Hưng dịch","Shaping future 6G networks : needs, impacts and technologies",2025,462 tr. :Minh họa,"Nội dung tài liệu phân tích các vấn đề liên quan đến Định hình mạng 6G trong tương lai: Sự cần thiết, tác động và công nghệ , đồng thời đề xuất các hướng ứng dụng trong trí tuệ nhân tạo. Nội dung được xây dựng dựa trên việc hệ thống hóa kiến thức chuyên ngành kết hợp với các ví dụ minh họa thực tế. Tài liệu có thể được sử dụng như nguồn tham khảo trong học tập, nghiên cứu và triển khai các hệ thống thực tế.",/static/uploads/files/D81.pdf,/static/uploads/images/D81.jpg,Book,active
D82,"Giáo trình Tâm lý học quản lý /Hoàng Thị Thu Hiền, Nguyễn Thị Lan",,2012,346 tr.,"Tài liệu cung cấp cái nhìn tổng quan về Giáo trình Tâm lý học quản lý , bao gồm các mô hình, kỹ thuật và xu hướng phát triển trong lĩnh vực nghiên cứu chuyên ngành. Nội dung được xây dựng dựa trên việc hệ thống hóa kiến thức chuyên ngành kết hợp với các ví dụ minh họa thực tế. Tài liệu có thể được sử dụng như nguồn tham khảo trong học tập, nghiên cứu và triển khai các hệ thống thực tế.",/static/uploads/files/D82.pdf,/static/uploads/images/D82.jpg,Book,active
D83,Các phương pháp sơ đồ mạng trong xây dựng /Trịnh Quốc Thắng,,2012,174 tr. ;21 cm.,"Tài liệu tập trung nghiên cứu về Các phương pháp sơ đồ mạng trong xây dựng , trình bày các cơ sở lý thuyết và phương pháp tiếp cận trong lĩnh vực lĩnh vực nghiên cứu chuyên ngành. Tài liệu sử dụng phương pháp phân tích và tổng hợp tài liệu nhằm làm rõ các khái niệm, nguyên lý và kỹ thuật liên quan. Tài liệu có thể được sử dụng như nguồn tham khảo trong học tập, nghiên cứu và triển khai các hệ thống thực tế.",/static/uploads/files/D83.pdf,/static/uploads/images/D83.jpg,Book,active
D84,Chiếu sáng đường giao thông nông thôn /Vũ Phương Thảo (chủ biên) và những người khác,,2025,239 tr. ;Minh họa,"Tài liệu tập trung nghiên cứu về Chiếu sáng đường giao thông nông thôn , trình bày các cơ sở lý thuyết và phương pháp tiếp cận trong lĩnh vực lĩnh vực nghiên cứu chuyên ngành. Tài liệu sử dụng phương pháp phân tích và tổng hợp tài liệu nhằm làm rõ các khái niệm, nguyên lý và kỹ thuật liên quan. Tài liệu có thể được sử dụng như nguồn tham khảo trong học tập, nghiên cứu và triển khai các hệ thống thực tế.",/static/uploads/files/D84.pdf,/static/uploads/images/D84.jpg,Book,active
D85,Giáo trình thủy điện /Nguyễn Văn Nghĩa (chủ biên) và những người khác,,2024,366 tr. :Minh họa,"Tài liệu tập trung nghiên cứu về Giáo trình thủy điện , trình bày các cơ sở lý thuyết và phương pháp tiếp cận trong lĩnh vực lĩnh vực nghiên cứu chuyên ngành. Tài liệu kết hợp giữa cơ sở học thuật và các tình huống ứng dụng nhằm nâng cao khả năng tiếp cận và triển khai thực tế. Nghiên cứu góp phần cung cấp nền tảng kiến thức phục vụ cho việc học tập và phát triển chuyên môn.",/static/uploads/files/D85.pdf,/static/uploads/images/D85.jpg,Book,active
D86,Chủ nghĩa tự do của Hayek /Gilles Dostaler; Nguyễn Đôn Phước dịch,,2008,185 tr.,"Tài liệu tập trung nghiên cứu về Chủ nghĩa tự do của Hayek , trình bày các cơ sở lý thuyết và phương pháp tiếp cận trong lĩnh vực lĩnh vực nghiên cứu chuyên ngành. Tài liệu sử dụng phương pháp phân tích và tổng hợp tài liệu nhằm làm rõ các khái niệm, nguyên lý và kỹ thuật liên quan. Nội dung tài liệu hỗ trợ người đọc tiếp cận các xu hướng nghiên cứu và ứng dụng hiện đại trong môi trường học thuật.",/static/uploads/files/D86.pdf,/static/uploads/images/D86.jpg,Book,active
D87,Giáo trình xã hội học giáo dục /Lê Ngọc Lan,,2005,129 tr. ;24 cm.,"Tài liệu tập trung nghiên cứu về Giáo trình xã hội học giáo dục , trình bày các cơ sở lý thuyết và phương pháp tiếp cận trong lĩnh vực lĩnh vực nghiên cứu chuyên ngành. Nội dung được xây dựng dựa trên việc hệ thống hóa kiến thức chuyên ngành kết hợp với các ví dụ minh họa thực tế. Kết quả của tài liệu có giá trị tham khảo đối với sinh viên, giảng viên và các nhà nghiên cứu trong lĩnh vực liên quan.",/static/uploads/files/D87.pdf,/static/uploads/images/D87.jpg,Book,active
D88,"Giáo trình toán ứng dụng trong kỹ thuật /Ngô Như Khoa, Ôn Ngũ Minh, Phạm Thị Thu Hằng",,2019,321 tr. :Minh họa ;24 cm,"Tài liệu tập trung nghiên cứu về Giáo trình toán ứng dụng trong kỹ thuật , trình bày các cơ sở lý thuyết và phương pháp tiếp cận trong lĩnh vực lĩnh vực nghiên cứu chuyên ngành. Tài liệu kết hợp giữa cơ sở học thuật và các tình huống ứng dụng nhằm nâng cao khả năng tiếp cận và triển khai thực tế. Nội dung tài liệu hỗ trợ người đọc tiếp cận các xu hướng nghiên cứu và ứng dụng hiện đại trong môi trường học thuật.",/static/uploads/files/D88.pdf,/static/uploads/images/D88.jpg,Book,active
D89,Giáo trình tâm lí học giáo dục /Nguyễn Đức Sơn và những người khác,,2015,319 tr. ;24 cm,"Nghiên cứu này trình bày các khía cạnh chuyên môn của Giáo trình tâm lí học giáo dục , kết hợp giữa nền tảng lý thuyết và ứng dụng thực tiễn trong lĩnh vực nghiên cứu chuyên ngành. Nghiên cứu áp dụng các mô hình và phương pháp đánh giá phổ biến nhằm phân tích hiệu quả của các giải pháp được đề cập. Kết quả của tài liệu có giá trị tham khảo đối với sinh viên, giảng viên và các nhà nghiên cứu trong lĩnh vực liên quan.",/static/uploads/files/D89.pdf,/static/uploads/images/D89.jpg,Book,active
D90,Giáo trình Văn thư /Triệu Văn Cường,,2016,367 tr. ;24 cm.,"Nghiên cứu này trình bày các khía cạnh chuyên môn của Giáo trình Văn thư , kết hợp giữa nền tảng lý thuyết và ứng dụng thực tiễn trong lĩnh vực nghiên cứu chuyên ngành. Tài liệu kết hợp giữa cơ sở học thuật và các tình huống ứng dụng nhằm nâng cao khả năng tiếp cận và triển khai thực tế. Tài liệu có thể được sử dụng như nguồn tham khảo trong học tập, nghiên cứu và triển khai các hệ thống thực tế.",/static/uploads/files/D90.pdf,/static/uploads/images/D90.jpg,Book,active
D91,"Giáo trình quyền lực chính trị :Dùng cho hệ đào tạo cử nhân Chính trị học /Lê Minh Quân (chủ biên), Lưu Minh Văn",,2017,310 tr ;24 cm,"Tài liệu tập trung nghiên cứu về Giáo trình quyền lực chính trị: Dùng cho hệ đào tạo cử nhân Chính trị học , trình bày các cơ sở lý thuyết và phương pháp tiếp cận trong lĩnh vực lĩnh vực nghiên cứu chuyên ngành. Tài liệu sử dụng phương pháp phân tích và tổng hợp tài liệu nhằm làm rõ các khái niệm, nguyên lý và kỹ thuật liên quan. Nghiên cứu góp phần cung cấp nền tảng kiến thức phục vụ cho việc học tập và phát triển chuyên môn.",/static/uploads/files/D91.pdf,/static/uploads/images/D91.jpg,Book,active
D92,"Giáo trình mạng truyền thông công nghiệp /Phạm Thị Lý (chủ biên), Vũ Thị Quỳnh, Nguyễn Nhật Thanh, Lại Bạch Thị Thu Hà",,2024,198 tr. :Minh họa,"Tài liệu tập trung nghiên cứu về Giáo trình mạng truyền thông công nghiệp , trình bày các cơ sở lý thuyết và phương pháp tiếp cận trong lĩnh vực lĩnh vực nghiên cứu chuyên ngành. Nghiên cứu áp dụng các mô hình và phương pháp đánh giá phổ biến nhằm phân tích hiệu quả của các giải pháp được đề cập. Tài liệu có thể được sử dụng như nguồn tham khảo trong học tập, nghiên cứu và triển khai các hệ thống thực tế.",/static/uploads/files/D92.pdf,/static/uploads/images/D92.jpg,Book,active
D93,"Giáo trình lịch sử ngoại giao Việt Nam /Hoàng Thị Mỹ Hạnh, Hà Thị Thu Thủy",,2020,163 tr. ;24 cm,"Nghiên cứu này trình bày các khía cạnh chuyên môn của Giáo trình lịch sử ngoại giao Việt Nam , kết hợp giữa nền tảng lý thuyết và ứng dụng thực tiễn trong lĩnh vực nghiên cứu chuyên ngành. Tài liệu sử dụng phương pháp phân tích và tổng hợp tài liệu nhằm làm rõ các khái niệm, nguyên lý và kỹ thuật liên quan. Kết quả của tài liệu có giá trị tham khảo đối với sinh viên, giảng viên và các nhà nghiên cứu trong lĩnh vực liên quan.",/static/uploads/files/D93.pdf,/static/uploads/images/D93.jpg,Book,active
D94,"Giáo trình địa chất đại cương và địa chất lịch sử /Phùng Ngọc Đĩnh, Lương Hồng Nhược",,2010,203 tr. :Minh họa ;24 cm,"Nghiên cứu này trình bày các khía cạnh chuyên môn của Giáo trình địa chất đại cương và địa chất lịch sử , kết hợp giữa nền tảng lý thuyết và ứng dụng thực tiễn trong lĩnh vực nghiên cứu chuyên ngành. Tài liệu kết hợp giữa cơ sở học thuật và các tình huống ứng dụng nhằm nâng cao khả năng tiếp cận và triển khai thực tế. Nội dung tài liệu hỗ trợ người đọc tiếp cận các xu hướng nghiên cứu và ứng dụng hiện đại trong môi trường học thuật.",/static/uploads/files/D94.pdf,/static/uploads/images/D94.jpg,Book,active
D95,"Giáo trình thực hành điện tử công suất (Mạch nghịch lưu) /Lê Hoàng Minh, Lê Thanh Đạo, Bùi Thị Tuyết Đan",,2017,316 tr. ;24 cm,"Tài liệu tập trung nghiên cứu về Giáo trình thực hành điện tử công suất (Mạch nghịch lưu) , trình bày các cơ sở lý thuyết và phương pháp tiếp cận trong lĩnh vực lĩnh vực nghiên cứu chuyên ngành. Tài liệu kết hợp giữa cơ sở học thuật và các tình huống ứng dụng nhằm nâng cao khả năng tiếp cận và triển khai thực tế. Nội dung tài liệu hỗ trợ người đọc tiếp cận các xu hướng nghiên cứu và ứng dụng hiện đại trong môi trường học thuật.",/static/uploads/files/D95.pdf,/static/uploads/images/D95.jpg,Book,active
D96,Giáo trình chính sách đối ngoại của một số nước lớn trên thế giới /Phạm Minh Sơn (chủ biên) và những người khác,,2020,"323 tr. ;20,5 cm","Tài liệu tập trung nghiên cứu về Giáo trình chính sách đối ngoại của một số nước lớn trên thế giới , trình bày các cơ sở lý thuyết và phương pháp tiếp cận trong lĩnh vực lĩnh vực nghiên cứu chuyên ngành. Nội dung được xây dựng dựa trên việc hệ thống hóa kiến thức chuyên ngành kết hợp với các ví dụ minh họa thực tế. Nghiên cứu góp phần cung cấp nền tảng kiến thức phục vụ cho việc học tập và phát triển chuyên môn.",/static/uploads/files/D96.pdf,/static/uploads/images/D96.jpg,Book,active
D97,Tổng hợp ancol từ H2/CO :Sách chuyên khảo /Nguyễn Tiến Thảo,Synthesis of alcohols from H2/CO,2020,196 tr. :Minh họa ;24 cm,"Tài liệu cung cấp cái nhìn tổng quan về Tổng hợp ancol từ H2, bao gồm các mô hình, kỹ thuật và xu hướng phát triển trong lĩnh vực nghiên cứu chuyên ngành. Tài liệu sử dụng phương pháp phân tích và tổng hợp tài liệu nhằm làm rõ các khái niệm, nguyên lý và kỹ thuật liên quan. Tài liệu có thể được sử dụng như nguồn tham khảo trong học tập, nghiên cứu và triển khai các hệ thống thực tế.",/static/uploads/files/D97.pdf,/static/uploads/images/D97.jpg,Book,active
D98,Giáo trình Thống kê đầu tư và xây dựng /Phan Công Nghĩa,,2010,702 tr. ;21 cm.,"Tài liệu tập trung nghiên cứu về Giáo trình Thống kê đầu tư và xây dựng , trình bày các cơ sở lý thuyết và phương pháp tiếp cận trong lĩnh vực lĩnh vực nghiên cứu chuyên ngành. Nghiên cứu áp dụng các mô hình và phương pháp đánh giá phổ biến nhằm phân tích hiệu quả của các giải pháp được đề cập. Kết quả của tài liệu có giá trị tham khảo đối với sinh viên, giảng viên và các nhà nghiên cứu trong lĩnh vực liên quan.",/static/uploads/files/D98.pdf,/static/uploads/images/D98.jpg,Book,active
D99,"Giáo trình cao học thủy lợi - Mô hình toán thủy văn /Lê Văn Nghinh (chủ biên), Bùi Công Quang, Hoàng Thanh Tùng",,2006,162 tr. :Minh họa ;27 cm,"Tài liệu tập trung nghiên cứu về Giáo trình cao học thủy lợi - Mô hình toán thủy văn , trình bày các cơ sở lý thuyết và phương pháp tiếp cận trong lĩnh vực lĩnh vực nghiên cứu chuyên ngành. Tài liệu kết hợp giữa cơ sở học thuật và các tình huống ứng dụng nhằm nâng cao khả năng tiếp cận và triển khai thực tế. Kết quả của tài liệu có giá trị tham khảo đối với sinh viên, giảng viên và các nhà nghiên cứu trong lĩnh vực liên quan.",/static/uploads/files/D99.pdf,/static/uploads/images/D99.jpg,Book,active
